league,season,date,Time,Day,HomeGP,AwayGP,home_team,away_team,result,B365CH,B365CD,B365CA,home_goals,away_goals,HomeTeamTotalPPG,AwayTeamTotalPPG,HomeTeamOpponentPPG,AwayTeamOpponentPPG,HomeTeamPPI,AwayTeamPPI,ppi_diff,home_win_prob,draw_prob,away_win_prob,predicted_outcome
Premier-League,2425,2024-08-17,12:30,Saturday,0,0,Ipswich,Liverpool,A,8.0,5.75,1.33,0,2,0.0,0.0,0.0,0.0,0.0,0.0,0.0,0.3569493470560981,0.2604360472432266,0.3826146057006753,A
Premier-League,2425,2024-08-17,15:00,Saturday,0,0,Arsenal,Wolves,H,1.14,8.5,15.0,2,0,0.0,0.0,0.0,0.0,0.0,0.0,0.0,0.8799069941596425,0.09321430053902847,0.026878705301328895,H
Premier-League,2425,2024-08-17,15:00,Saturday,0,0,Everton,Brighton,A,3.1,3.4,2.3,0,3,0.0,0.0,0.0,0.0,0.0,0.0,0.0,0.4733001526529732,0.32186180591621794,0.2048380414308087,H
Premier-League,2425,2024-08-17,17:30,Saturday,0,0,West Ham,Aston Villa,A,2.4,3.5,2.8,1,2,0.0,0.0,0.0,0.0,0.0,0.0,0.0,0.4483887538192889,0.22203959705184625,0.3295716491288648,H
Premier-League,2425,2024-08-17,15:00,Saturday,0,0,Nott'm Forest,Bournemouth,D,2.2,3.4,3.25,1,1,0.0,0.0,0.0,0.0,0.0,0.0,0.0,0.4587550465530365,0.26827731713113845,0.2729676363158251,H
Premier-League,2425,2024-08-17,15:00,Saturday,0,0,Newcastle,Southampton,H,1.4,5.0,7.0,1,0,0.0,0.0,0.0,0.0,0.0,0.0,0.0,0.608135712197072,0.2034884221570909,0.18837586564583714,H
Premier-League,2425,2024-08-18,14:00,Sunday,0,0,Brentford,Crystal Palace,H,2.88,3.2,2.55,2,1,0.0,0.0,0.0,0.0,0.0,0.0,0.0,0.3534288580083422,0.2415224774002682,0.4050486645913898,A
Premier-League,2425,2024-08-18,16:30,Sunday,0,0,Chelsea,Man City,A,3.6,3.9,1.95,0,2,0.0,0.0,0.0,0.0,0.0,0.0,0.0,0.22100247955205085,0.19990815766916073,0.5790893627787885,A
Premier-League,2425,2024-08-19,20:00,Monday,0,0,Leicester,Tottenham,D,4.5,4.2,1.7,1,1,0.0,0.0,0.0,0.0,0.0,0.0,0.0,0.4585192088444039,0.24178411193573376,0.2996966792198623,H
Premier-League,2425,2024-08-24,17:30,Saturday,1,1,Aston Villa,Arsenal,A,4.5,4.0,1.73,0,2,3.0,3.0,0.0,0.0,0.0,0.0,0.0,0.1834507002678588,0.22554335233012696,0.5910059474020142,A
Premier-League,2425,2024-08-24,12:30,Saturday,1,1,Brighton,Man United,H,2.3,3.8,2.88,2,1,3.0,3.0,0.0,0.0,0.0,0.0,0.0,0.4267027470742426,0.2536602687089983,0.3196369842167591,H
Premier-League,2425,2024-08-24,15:00,Saturday,1,1,Crystal Palace,West Ham,A,1.95,3.9,3.7,0,2,0.0,0.0,3.0,3.0,0.0,0.0,0.0,0.6559447314620932,0.17854346324076759,0.16551180529713938,H
Premier-League,2425,2024-08-24,15:00,Saturday,1,1,Southampton,Nott'm Forest,A,2.3,3.5,3.0,0,1,0.0,1.0,3.0,1.0,0.0,1.0,1.0,0.3007657662951056,0.45756831890891075,0.24166591479598365,D
Premier-League,2425,2024-08-24,15:00,Saturday,1,1,Man City,Ipswich,H,1.1,10.0,23.0,4,1,3.0,0.0,0.0,3.0,0.0,0.0,0.0,0.8861278693895128,0.09811782147193998,0.015754309138547192,H
Premier-League,2425,2024-08-24,15:00,Saturday,1,1,Tottenham,Everton,H,1.36,5.25,7.5,4,0,1.0,0.0,1.0,3.0,1.0,0.0,1.0,0.6228833239820465,0.21188630021046134,0.16523037580749228,H
Premier-League,2425,2024-08-24,15:00,Saturday,1,1,Fulham,Leicester,H,1.85,3.75,4.1,2,1,0.0,1.0,3.0,1.0,0.0,1.0,1.0,0.4014975067310842,0.3595884177035919,0.23891407556532399,H
Premier-League,2425,2024-08-25,14:00,Sunday,1,1,Bournemouth,Newcastle,D,2.55,3.6,2.6,1,1,1.0,3.0,1.0,0.0,1.0,0.0,1.0,0.36708176931938047,0.23130336357222767,0.4016148671083919,A
Premier-League,2425,2024-08-25,16:30,Sunday,1,1,Liverpool,Brentford,H,1.2,7.0,13.0,2,0,3.0,3.0,0.0,0.0,0.0,0.0,0.0,0.7856396816176825,0.13248145908398326,0.08187885929833419,H
Premier-League,2425,2024-08-25,14:00,Sunday,1,1,Wolves,Chelsea,A,3.75,3.8,1.9,2,6,0.0,0.0,3.0,3.0,0.0,0.0,0.0,0.3179153778718768,0.2216961389036128,0.46038848322451054,A
Premier-League,2425,2024-08-31,15:00,Saturday,2,2,Everton,Bournemouth,A,3.0,3.4,2.35,2,3,0.0,1.0,3.0,1.0,0.0,1.0,1.0,0.34291173395671787,0.30420492343957595,0.35288334260370613,A
Premier-League,2425,2024-08-31,12:30,Saturday,2,2,Arsenal,Brighton,D,1.36,5.25,7.5,1,1,3.0,3.0,0.0,0.0,0.0,0.0,0.0,0.7819775862156357,0.15834355017439522,0.059678863609969074,H
Premier-League,2425,2024-08-31,15:00,Saturday,2,2,Brentford,Southampton,H,1.8,3.9,4.33,3,1,1.5,0.0,1.5,3.0,2.25,0.0,2.25,0.47764031067386353,0.43485500480780787,0.08750468451832848,H
Premier-League,2425,2024-08-31,17:30,Saturday,2,2,West Ham,Man City,A,7.5,5.0,1.4,1,3,1.5,3.0,1.5,0.0,2.25,0.0,2.25,0.10243066309520055,0.15394685451083695,0.7436224823939626,A
Premier-League,2425,2024-08-31,15:00,Saturday,2,2,Leicester,Aston Villa,A,4.0,3.7,1.85,1,2,0.5,1.5,2.0,1.5,1.0,2.25,1.25,0.3195000330024071,0.29647831942414354,0.3840216475734493,A
Premier-League,2425,2024-08-31,15:00,Saturday,2,2,Nott'm Forest,Wolves,D,1.95,3.6,3.7,1,1,2.0,0.0,0.5,3.0,1.0,0.0,1.0,0.49711809545124214,0.23514985797971824,0.26773204656903965,H
Premier-League,2425,2024-08-31,15:00,Saturday,2,2,Ipswich,Fulham,D,3.0,3.4,2.38,1,1,0.0,1.5,3.0,1.5,0.0,2.25,2.25,0.21003995347742177,0.29420741500680875,0.49575263151576954,A
Premier-League,2425,2024-09-01,13:30,Sunday,2,2,Newcastle,Tottenham,H,2.45,3.9,2.55,2,1,2.0,2.0,0.5,0.25,1.0,0.5,0.5,0.54427467746249,0.19729178525705338,0.25843353728045637,H
Premier-League,2425,2024-09-01,16:00,Sunday,2,2,Man United,Liverpool,A,3.5,4.1,1.91,0,3,1.5,3.0,1.75,0.25,2.62,0.75,1.88,0.26951198712260815,0.23602982065387207,0.4944581922235199,A
Premier-League,2425,2024-09-01,13:30,Sunday,2,2,Chelsea,Crystal Palace,D,1.65,4.33,4.75,1,1,1.5,0.0,1.5,3.0,2.25,0.0,2.25,0.659241137476684,0.1716825336510648,0.16907632887225127,H
Premier-League,2425,2024-09-14,15:00,Saturday,3,3,Liverpool,Nott'm Forest,A,1.25,6.25,11.0,0,1,3.0,1.6666666666666667,0.67,0.83,2.0,1.39,0.61,0.8294160341006054,0.11671922322410708,0.05386474267528741,H
Premier-League,2425,2024-09-14,15:00,Saturday,3,3,Man City,Brentford,H,1.17,8.0,15.0,2,1,3.0,2.0,0.17,1.17,0.5,2.33,1.83,0.8799643888022555,0.08439473950674242,0.03564087169100209,H
Premier-League,2425,2024-09-14,20:00,Saturday,3,3,Bournemouth,Chelsea,A,3.1,3.6,2.2,0,1,1.6666666666666667,1.3333333333333333,0.67,1.17,1.11,1.56,0.44,0.35016909150738185,0.2214119753178039,0.4284189331748144,A
Premier-League,2425,2024-09-14,12:30,Saturday,3,3,Southampton,Man United,A,4.0,4.1,1.8,0,3,0.0,1.0,3.0,2.17,0.0,2.17,2.17,0.12560255928830513,0.3531049447240415,0.5212924959876535,A
Premier-League,2425,2024-09-14,15:00,Saturday,3,3,Brighton,Ipswich,D,1.45,4.75,6.5,0,0,2.333333333333333,0.3333333333333333,0.67,2.17,1.56,0.72,0.83,0.6381560924237283,0.2536875768146244,0.10815633076164728,H
Premier-League,2425,2024-09-14,15:00,Saturday,3,3,Fulham,West Ham,D,2.25,3.3,3.2,1,1,1.3333333333333333,1.0,0.67,2.0,0.89,2.0,1.11,0.5460778154748882,0.22439070778201223,0.22953147674309934,H
Premier-League,2425,2024-09-14,17:30,Saturday,3,3,Aston Villa,Everton,H,1.67,3.75,5.25,3,2,2.0,0.0,1.17,2.33,2.33,0.0,2.33,0.683452411970402,0.18839497179658826,0.12815261623300986,H
Premier-League,2425,2024-09-14,15:00,Saturday,3,3,Crystal Palace,Leicester,D,1.65,3.9,5.25,2,2,0.3333333333333333,0.3333333333333333,2.17,2.17,0.72,0.72,0.0,0.6036424725834414,0.2618447923980707,0.13451273501848787,H
Premier-League,2425,2024-09-15,14:00,Sunday,3,3,Tottenham,Arsenal,A,2.7,3.4,2.6,0,1,1.3333333333333333,2.333333333333333,1.17,1.33,1.56,3.11,1.56,0.18543492762310076,0.23683401161451412,0.5777310607623851,A
Premier-League,2425,2024-09-15,16:30,Sunday,3,3,Wolves,Newcastle,A,3.6,3.5,2.05,1,2,0.3333333333333333,2.333333333333333,2.0,0.33,0.67,0.78,0.11,0.3011492775102487,0.2228311573780066,0.47601956511174465,A
Premier-League,2425,2024-09-21,15:00,Saturday,4,4,Fulham,Newcastle,H,2.9,3.4,2.4,3,1,1.25,2.5,1.12,0.25,1.41,0.62,0.78,0.37511044981741215,0.24781894321274303,0.37707060696984485,A
Premier-League,2425,2024-09-21,12:30,Saturday,4,4,West Ham,Chelsea,A,3.5,3.9,1.95,0,3,1.0,1.75,2.12,1.0,2.12,1.75,0.38,0.2980481695524646,0.20635342652628968,0.49559840392124566,A
Premier-League,2425,2024-09-21,15:00,Saturday,4,4,Leicester,Everton,D,2.1,3.5,3.5,1,1,0.5,0.0,1.5,1.75,0.75,0.0,0.75,0.47056875612070903,0.2928887257520422,0.23654251812724858,H
Premier-League,2425,2024-09-21,17:30,Saturday,4,4,Crystal Palace,Man United,D,2.75,3.5,2.45,0,0,0.5,1.5,1.5,1.38,0.75,2.06,1.31,0.49429274129579076,0.23099889017861794,0.27470836852559133,H
Premier-League,2425,2024-09-21,15:00,Saturday,4,4,Southampton,Ipswich,D,2.45,3.4,2.88,1,1,0.0,0.5,2.62,2.12,0.0,1.06,1.06,0.12144797935961466,0.5719636735634784,0.3065883470769068,D
Premier-League,2425,2024-09-21,15:00,Saturday,4,4,Tottenham,Brentford,H,1.48,5.0,6.0,3,1,1.0,1.5,1.62,1.25,1.62,1.88,0.25,0.6013659491272019,0.2002605816168516,0.19837346925594673,H
Premier-League,2425,2024-09-21,15:00,Saturday,4,4,Liverpool,Bournemouth,H,1.25,6.5,10.0,3,0,2.25,1.25,1.25,1.5,2.81,1.88,0.94,0.7405077400344645,0.16556287148406496,0.09392938848147055,H
Premier-League,2425,2024-09-21,15:00,Saturday,4,4,Aston Villa,Wolves,H,1.65,4.0,4.75,3,1,2.25,0.25,0.88,2.0,1.97,0.5,1.47,0.6821098921174182,0.1688204328978436,0.1490696749847381,H
Premier-League,2425,2024-09-22,14:00,Sunday,4,4,Brighton,Nott'm Forest,D,1.8,3.7,4.33,2,2,2.0,2.0,1.0,1.0,2.0,2.0,0.0,0.5156461436674585,0.27087766439442723,0.21347619193811418,H
Premier-League,2425,2024-09-22,16:30,Sunday,4,4,Man City,Arsenal,D,1.75,3.5,5.0,2,2,3.0,2.5,0.29,1.58,0.87,3.96,3.08,0.41454402377505484,0.31240835885408447,0.2730476173708605,H
Premier-League,2425,2024-09-28,15:00,Saturday,5,5,Arsenal,Leicester,H,1.2,7.5,13.0,4,2,2.2,0.6,1.73,1.37,3.81,0.82,2.99,0.8035043401313222,0.15490441582330405,0.04159124404537349,H
Premier-League,2425,2024-09-28,15:00,Saturday,5,5,Brentford,West Ham,D,2.2,3.5,3.1,1,1,1.2,0.8,1.37,2.4,1.64,1.92,0.28,0.5420999545689758,0.22163824336954138,0.2362618020614827,H
Premier-League,2425,2024-09-28,15:00,Saturday,5,5,Everton,Crystal Palace,H,2.7,3.25,2.6,2,1,0.2,0.6,1.6,1.47,0.32,0.88,0.56,0.32321990415539026,0.2794749540921531,0.3973051417524566,A
Premier-League,2425,2024-09-28,15:00,Saturday,5,5,Chelsea,Brighton,H,1.75,4.2,4.0,4,2,2.0,1.8,0.8,1.27,1.6,2.28,0.68,0.6665181941404412,0.1852631231023631,0.14821868275719557,H
Premier-League,2425,2024-09-28,17:30,Saturday,5,5,Wolves,Liverpool,A,8.0,5.75,1.33,1,2,0.2,2.4,1.87,1.13,0.37,2.72,2.35,0.14361936202197237,0.19341684099834067,0.6629637969796869,A
Premier-League,2425,2024-09-28,12:30,Saturday,5,5,Newcastle,Man City,D,4.75,4.1,1.67,1,1,2.0,2.6,0.67,0.7,1.33,1.82,0.49,0.18808748545601947,0.19590907329504254,0.6160034412489379,A
Premier-League,2425,2024-09-28,15:00,Saturday,5,5,Nott'm Forest,Fulham,A,2.55,3.1,2.9,0,1,1.8,1.6,1.13,1.17,2.04,1.87,0.17,0.39409587530467954,0.27564451063665446,0.33025961405866605,H
Premier-League,2425,2024-09-29,14:00,Sunday,5,5,Ipswich,Aston Villa,D,3.5,3.5,2.1,2,2,0.6,2.4,1.73,0.73,1.04,1.76,0.72,0.1872483678936605,0.3029687222649918,0.5097829098413478,A
Premier-League,2425,2024-09-29,16:30,Sunday,5,5,Man United,Tottenham,A,2.05,3.9,3.2,0,3,1.4,1.4,1.4,1.13,1.96,1.59,0.37,0.43562089113972513,0.2364520672357722,0.3279270416245027,H
Premier-League,2425,2024-09-30,20:00,Monday,5,5,Bournemouth,Southampton,H,1.48,4.33,6.5,3,1,1.0,0.2,1.6,1.8,1.6,0.36,1.24,0.7352364010300743,0.22225403497066482,0.04250956399926083,H
Premier-League,2425,2024-10-05,15:00,Saturday,6,6,Arsenal,Southampton,H,1.18,7.5,13.0,3,1,2.333333333333333,0.1666666666666666,1.39,1.72,3.24,0.29,2.95,0.942947097711462,0.051562717745695014,0.005490184542842936,H
Premier-League,2425,2024-10-05,15:00,Saturday,6,6,Brentford,Wolves,H,2.1,3.5,3.4,5,3,1.1666666666666667,0.1666666666666666,1.39,2.06,1.62,0.34,1.28,0.5640817012489667,0.22626214766828398,0.20965615108274938,H
Premier-League,2425,2024-10-05,12:30,Saturday,6,6,Crystal Palace,Liverpool,A,5.0,4.0,1.67,0,1,0.5,2.5,1.33,0.89,0.67,2.22,1.56,0.23333273124065804,0.2521251836044444,0.5145420851548976,A
Premier-League,2425,2024-10-05,17:30,Saturday,6,6,Everton,Newcastle,D,3.7,3.7,1.95,0,0,0.6666666666666666,1.8333333333333333,1.28,1.22,0.85,2.24,1.39,0.3025501825218747,0.25404233075198784,0.44340748672613756,A
Premier-League,2425,2024-10-05,15:00,Saturday,6,6,Leicester,Bournemouth,H,3.5,3.9,2.0,1,0,0.5,1.3333333333333333,1.56,1.33,0.78,1.78,1.0,0.43233027132897095,0.27062000231749556,0.29704972635353377,H
Premier-League,2425,2024-10-05,15:00,Saturday,6,6,Man City,Fulham,H,1.25,6.5,10.0,3,2,2.333333333333333,1.8333333333333333,1.11,0.94,2.59,1.73,0.86,0.8004299952286413,0.13729782423069442,0.062272180540664385,H
Premier-League,2425,2024-10-05,15:00,Saturday,6,6,West Ham,Ipswich,H,1.9,3.8,3.8,4,1,0.8333333333333334,0.6666666666666666,2.17,1.83,1.81,1.22,0.58,0.5419266684383491,0.2833791578353293,0.17469417372632143,H
Premier-League,2425,2024-10-06,14:00,Sunday,6,6,Chelsea,Nott'm Forest,D,1.48,4.5,6.5,1,1,2.1666666666666665,1.5,1.01,1.04,2.2,1.56,0.63,0.7612562054282614,0.1464817638497232,0.09226203072201541,H
Premier-League,2425,2024-10-06,16:30,Sunday,6,6,Brighton,Tottenham,H,2.9,3.9,2.15,3,2,1.5,1.6666666666666667,1.5,1.21,2.25,2.01,0.24,0.3693005859616755,0.2517685344944452,0.3789308795438793,A
Premier-League,2425,2024-10-06,14:00,Sunday,6,6,Aston Villa,Man United,D,2.1,3.9,3.1,0,0,2.1666666666666665,1.1666666666666667,0.93,1.31,2.02,1.52,0.49,0.603312521987277,0.20122988469326428,0.1954575933194587,H
Premier-League,2425,2024-10-19,15:00,Saturday,7,7,Southampton,Leicester,A,2.15,3.6,3.25,2,3,0.1428571428571428,0.8571428571428571,1.77,1.43,0.25,1.22,0.97,0.16326971437477872,0.33361732122069054,0.5031129644045306,A
Premier-League,2425,2024-10-19,12:30,Saturday,7,7,Tottenham,West Ham,H,1.45,5.25,5.75,4,1,1.4285714285714286,1.1428571428571428,1.32,1.93,1.89,2.2,0.32,0.7122068722769661,0.1561635720488023,0.13162955567423165,H
Premier-League,2425,2024-10-19,15:00,Saturday,7,7,Newcastle,Brighton,A,1.73,4.0,4.5,0,1,1.7142857142857142,1.7142857142857142,1.14,1.36,1.96,2.33,0.37,0.5889352570802782,0.21833135467528564,0.19273338824443614,H
Premier-League,2425,2024-10-19,15:00,Saturday,7,7,Fulham,Aston Villa,A,2.45,3.4,2.8,1,3,1.5714285714285714,2.0,1.15,0.98,1.81,1.95,0.14,0.5056429299134315,0.23654025648637902,0.25781681360018927,H
Premier-League,2425,2024-10-19,17:30,Saturday,7,7,Bournemouth,Arsenal,H,4.75,3.7,1.75,2,0,1.1428571428571428,2.4285714285714284,1.31,1.17,1.5,2.83,1.34,0.1480822924305237,0.24269559343410224,0.609222114135374,A
Premier-League,2425,2024-10-19,15:00,Saturday,7,7,Ipswich,Everton,A,2.38,3.4,2.9,0,2,0.5714285714285714,0.7142857142857143,1.7,1.27,0.97,0.91,0.06,0.32484576741063464,0.34424138913188357,0.33091284345748184,D
Premier-League,2425,2024-10-19,15:00,Saturday,7,7,Man United,Brentford,H,1.62,4.2,5.0,2,1,1.1428571428571428,1.4285714285714286,1.37,1.25,1.56,1.79,0.22,0.5125829591304019,0.24371828959548641,0.24369875127411178,H
Premier-League,2425,2024-10-20,16:30,Sunday,7,7,Liverpool,Chelsea,H,1.67,4.33,4.2,2,1,2.571428571428572,2.0,0.79,1.27,2.02,2.55,0.53,0.6743484685019018,0.1830252970055506,0.14262623449254758,H
Premier-League,2425,2024-10-20,14:00,Sunday,7,7,Wolves,Man City,A,8.5,5.5,1.33,1,2,0.1428571428571428,2.4285714285714284,2.1,1.0,0.3,2.43,2.13,0.11044559434505999,0.15663914189730177,0.732915263757638,A
Premier-League,2425,2024-10-21,20:00,Monday,7,7,Nott'm Forest,Crystal Palace,H,2.3,3.3,3.1,1,0,1.4285714285714286,0.4285714285714285,1.14,1.61,1.63,0.69,0.94,0.41315427600073196,0.29788732047293826,0.28895840352632984,H
Premier-League,2425,2024-10-25,20:00,Friday,8,8,Leicester,Nott'm Forest,A,2.88,3.4,2.45,1,3,1.125,1.625,1.31,1.03,1.48,1.68,0.2,0.4771336147224897,0.2780567455033462,0.24480963977416412,H
Premier-League,2425,2024-10-26,15:00,Saturday,8,8,Man City,Southampton,H,1.13,9.5,15.0,1,0,2.5,0.125,0.88,1.68,2.19,0.21,1.98,0.9682209568922227,0.026673523965637783,0.005105519142139509,H
Premier-League,2425,2024-10-26,17:30,Saturday,8,8,Everton,Fulham,D,2.6,3.4,2.63,1,1,1.0,1.375,1.22,1.47,1.22,2.02,0.8,0.3860105485116842,0.29562418160871995,0.3183652698795957,H
Premier-League,2425,2024-10-26,15:00,Saturday,8,8,Brentford,Ipswich,H,1.67,4.2,4.75,4,3,1.25,0.5,1.28,1.62,1.6,0.81,0.79,0.7308893356303809,0.1902728635772915,0.07883780079232766,H
Premier-League,2425,2024-10-26,15:00,Saturday,8,8,Brighton,Wolves,D,1.55,4.33,5.5,2,2,1.875,0.125,1.43,2.12,2.68,0.27,2.42,0.6446316552266596,0.19737201282075365,0.15799633195258672,H
Premier-League,2425,2024-10-26,15:00,Saturday,8,8,Aston Villa,Bournemouth,D,1.75,3.9,4.33,1,1,2.125,1.375,1.03,1.34,2.19,1.85,0.34,0.5985093114573206,0.21432690245396327,0.18716378608871626,H
Premier-League,2425,2024-10-27,14:00,Sunday,8,8,Chelsea,Newcastle,H,1.75,4.2,4.0,2,1,1.75,1.5,1.43,1.22,2.5,1.83,0.68,0.6452816693256375,0.18447164768496122,0.17024668298940132,H
Premier-League,2425,2024-10-27,14:00,Sunday,8,8,Crystal Palace,Tottenham,H,3.6,4.0,1.91,1,0,0.375,1.625,1.58,1.26,0.59,2.04,1.45,0.38061265541305583,0.25400175448393963,0.36538559010300453,H
Premier-League,2425,2024-10-27,14:00,Sunday,8,8,West Ham,Man United,H,3.3,3.75,2.1,2,1,1.0,1.375,1.84,1.14,1.84,1.57,0.27,0.44326755302590504,0.25327525365426173,0.3034571933198331,H
Premier-League,2425,2024-10-27,16:30,Sunday,8,8,Arsenal,Liverpool,D,2.2,3.3,3.3,2,2,2.125,2.625,1.42,0.99,3.01,2.61,0.41,0.4880483418978592,0.2916448979242858,0.2203067601778551,H
Premier-League,2425,2024-11-02,15:00,Saturday,9,9,Liverpool,Brighton,H,1.36,5.25,7.5,2,1,2.4444444444444446,1.7777777777777777,1.18,1.26,2.89,2.24,0.65,0.7586512025609717,0.1615543101861136,0.07979448725291478,H
Premier-League,2425,2024-11-02,15:00,Saturday,9,9,Ipswich,Leicester,D,2.3,3.7,2.9,1,1,0.4444444444444444,1.0,1.73,1.41,0.77,1.41,0.64,0.3572690430455385,0.26770972015150024,0.3750212368029612,A
Premier-League,2425,2024-11-02,12:30,Saturday,9,9,Newcastle,Arsenal,H,4.0,3.6,1.95,1,0,1.3333333333333333,2.0,1.24,1.55,1.65,3.1,1.45,0.26920419112214117,0.27107785745225677,0.4597179514256022,A
Premier-League,2425,2024-11-02,15:00,Saturday,9,9,Bournemouth,Man City,H,5.75,4.2,1.55,2,1,1.3333333333333333,2.555555555555556,1.34,0.86,1.79,2.19,0.39,0.19688334551223463,0.25186248042086584,0.5512541740668996,A
Premier-League,2425,2024-11-02,17:30,Saturday,9,9,Wolves,Crystal Palace,D,2.35,3.4,3.0,2,2,0.2222222222222222,0.6666666666666666,1.98,1.46,0.44,0.97,0.53,0.41830309304664604,0.26134116550277203,0.3203557414505819,H
Premier-League,2425,2024-11-02,15:00,Saturday,9,9,Southampton,Everton,H,2.63,3.25,2.63,1,0,0.1111111111111111,1.0,1.72,1.15,0.19,1.15,0.96,0.21584900881460153,0.3655554226831959,0.4185955685022025,A
Premier-League,2425,2024-11-02,15:00,Saturday,9,9,Nott'm Forest,West Ham,H,2.0,3.5,3.75,3,0,1.7777777777777777,1.2222222222222223,1.06,1.81,1.89,2.21,0.32,0.5547721530598234,0.23671112510219772,0.20851672183797895,H
Premier-League,2425,2024-11-03,14:00,Sunday,9,9,Tottenham,Aston Villa,H,1.91,4.0,3.5,4,1,1.4444444444444444,2.0,1.17,1.02,1.69,2.03,0.35,0.6066534071164125,0.19396672230422135,0.19937987057936618,H
Premier-League,2425,2024-11-03,16:30,Sunday,9,9,Man United,Chelsea,D,2.63,3.5,2.6,1,1,1.2222222222222223,1.8888888888888888,1.2,1.42,1.47,2.69,1.22,0.3454814071762154,0.24390121414557003,0.41061737867821446,A
Premier-League,2425,2024-11-04,20:00,Monday,9,9,Fulham,Brentford,H,1.95,3.8,3.6,2,1,1.3333333333333333,1.4444444444444444,1.36,1.22,1.81,1.77,0.04,0.563433335520692,0.2220864539940514,0.21448021048525695,H
Premier-League,2425,2024-11-09,15:00,Saturday,10,10,Brentford,Bournemouth,H,2.6,3.5,2.63,3,2,1.3,1.5,1.3,1.4,1.69,2.1,0.41,0.46398418185758405,0.24372817542428205,0.29228764271813407,H
Premier-League,2425,2024-11-09,17:30,Saturday,10,10,Brighton,Man City,H,4.0,4.0,1.8,2,1,1.6,2.3,1.4,0.98,2.24,2.25,0.01,0.2292478347639748,0.24943625161373204,0.5213159136222931,A
Premier-League,2425,2024-11-09,15:00,Saturday,10,10,Crystal Palace,Fulham,A,3.3,3.25,2.25,0,2,0.7,1.5,1.34,1.22,0.94,1.83,0.89,0.481310910517451,0.27755209330583175,0.2411369961767171,H
Premier-League,2425,2024-11-09,20:00,Saturday,10,10,Liverpool,Aston Villa,H,1.45,4.75,6.25,2,0,2.5,1.8,1.2,1.18,3.0,2.12,0.88,0.7720714711892436,0.14301184082951934,0.08491668798123718,H
Premier-League,2425,2024-11-09,15:00,Saturday,10,10,West Ham,Everton,D,2.15,3.3,3.5,0,0,1.1,0.9,1.7,1.12,1.87,1.01,0.86,0.5285164958258161,0.2500098549013457,0.2214736492728382,H
Premier-League,2425,2024-11-09,15:00,Saturday,10,10,Wolves,Southampton,H,1.91,3.75,3.8,2,0,0.3,0.4,1.78,1.68,0.53,0.67,0.14,0.6923392518846714,0.20470544253689232,0.10295530557843623,H
Premier-League,2425,2024-11-10,14:00,Sunday,10,10,Tottenham,Ipswich,A,1.25,6.5,9.5,1,2,1.6,0.5,1.21,1.67,1.94,0.83,1.11,0.861669643723773,0.0951882277931202,0.04314212848310687,H
Premier-League,2425,2024-11-10,14:00,Sunday,10,10,Nott'm Forest,Newcastle,A,2.7,3.3,2.6,1,3,1.9,1.5,1.19,1.25,2.25,1.88,0.37,0.42305903596021205,0.2801884605956526,0.2967525034441353,H
Premier-League,2425,2024-11-10,16:30,Sunday,10,10,Chelsea,Arsenal,D,2.8,3.4,2.5,1,1,1.8,1.8,1.44,1.6,2.59,2.88,0.29,0.3728039615377827,0.25578655314512383,0.3714094853170934,H
Premier-League,2425,2024-11-10,14:00,Sunday,10,10,Man United,Leicester,H,1.33,5.75,8.0,3,0,1.2,1.0,1.31,1.28,1.58,1.28,0.3,0.5995075380738145,0.2242928147492982,0.17619964717688733,H
Premier-League,2425,2024-11-23,17:30,Saturday,11,11,Man City,Tottenham,A,1.4,5.0,7.0,0,4,2.090909090909091,1.4545454545454546,1.17,1.2,2.44,1.74,0.7,0.7512742696998033,0.14749280910230086,0.10123292119789579,H
Premier-League,2425,2024-11-23,15:00,Saturday,11,11,Fulham,Wolves,A,1.53,4.33,5.75,1,4,1.6363636363636365,0.5454545454545454,1.17,1.62,1.91,0.88,1.03,0.6470710995595332,0.19576546021880037,0.15716344022166634,H
Premier-League,2425,2024-11-23,15:00,Saturday,11,11,Arsenal,Nott'm Forest,H,1.4,4.75,7.5,3,0,1.7272727272727273,1.7272727272727273,1.54,1.19,2.66,2.06,0.6,0.7441138991590291,0.1789446329096553,0.07694146793131564,H
Premier-League,2425,2024-11-23,15:00,Saturday,11,11,Aston Villa,Crystal Palace,D,1.73,3.7,5.0,2,2,1.6363636363636365,0.6363636363636364,1.24,1.34,2.03,0.85,1.18,0.5764757186747138,0.2294446431788082,0.19407963814647788,H
Premier-League,2425,2024-11-23,12:30,Saturday,11,11,Leicester,Chelsea,A,7.0,4.75,1.44,1,2,0.9090909090909092,1.7272727272727273,1.31,1.48,1.19,2.56,1.37,0.21451254978661655,0.204248619157615,0.5812388310557685,A
Premier-League,2425,2024-11-23,15:00,Saturday,11,11,Bournemouth,Brighton,A,2.35,3.6,2.88,1,2,1.3636363636363635,1.7272727272727273,1.49,1.46,2.04,2.53,0.49,0.4809759026616597,0.2598184180682924,0.25920567927004806,H
Premier-League,2425,2024-11-23,15:00,Saturday,11,11,Everton,Brentford,D,2.3,3.4,3.1,0,0,0.9090909090909092,1.4545454545454546,1.13,1.29,1.03,1.88,0.85,0.4160542854787339,0.2677679275829651,0.3161777869383011,H
Premier-League,2425,2024-11-24,14:00,Sunday,11,11,Southampton,Liverpool,A,8.5,5.25,1.33,2,3,0.3636363636363636,2.5454545454545454,1.53,1.31,0.56,3.34,2.78,0.0616048315949048,0.21304376942068387,0.7253513989844114,A
Premier-League,2425,2024-11-24,16:30,Sunday,11,11,Ipswich,Man United,D,5.0,4.1,1.65,1,1,0.7272727272727273,1.3636363636363635,1.64,1.32,1.19,1.81,0.61,0.3015990562868498,0.29271691839926206,0.40568402531388825,A
Premier-League,2425,2024-11-25,20:00,Monday,11,11,Newcastle,West Ham,A,1.45,4.75,6.25,0,2,1.6363636363636365,1.0909090909090908,1.24,1.52,2.03,1.65,0.38,0.729625395925737,0.163453701788656,0.10692090228560674,H
Premier-League,2425,2024-11-29,20:00,Friday,12,12,Brighton,Southampton,D,1.38,5.25,7.5,1,1,1.8333333333333333,0.3333333333333333,1.5,1.6,2.75,0.53,2.22,0.757763949034741,0.17631412969623586,0.06592192126902326,H
Premier-League,2425,2024-11-30,15:00,Saturday,12,12,Crystal Palace,Newcastle,D,3.2,3.4,2.2,1,1,0.6666666666666666,1.5,1.42,1.26,0.94,1.89,0.95,0.4031138952089784,0.28114393936391824,0.3157421654271034,H
Premier-League,2425,2024-11-30,17:30,Saturday,12,12,West Ham,Arsenal,A,7.0,4.5,1.42,2,5,1.25,1.8333333333333333,1.53,1.54,1.91,2.82,0.91,0.16749251377948568,0.23518381851149728,0.597323667709017,A
Premier-League,2425,2024-11-30,15:00,Saturday,12,12,Nott'm Forest,Ipswich,H,1.7,4.0,4.75,1,0,1.5833333333333333,0.75,1.32,1.57,2.09,1.18,0.91,0.600136373178348,0.24808779066074585,0.151775836160906,H
Premier-League,2425,2024-11-30,15:00,Saturday,12,12,Brentford,Leicester,H,1.6,4.33,5.0,4,1,1.4166666666666667,0.8333333333333334,1.29,1.36,1.83,1.13,0.69,0.6709086198437184,0.1831685820472535,0.1459227981090281,H
Premier-League,2425,2024-11-30,15:00,Saturday,12,12,Wolves,Bournemouth,A,2.63,3.5,2.6,2,4,0.75,1.25,1.65,1.51,1.24,1.89,0.65,0.4851720562650418,0.23166627858042244,0.2831616651545358,H
Premier-League,2425,2024-12-01,16:00,Sunday,12,12,Liverpool,Man City,H,2.0,3.8,3.5,2,0,2.583333333333333,1.9166666666666667,1.28,1.11,3.32,2.13,1.18,0.5496148972000265,0.23893428048282148,0.2114508223171521,H
Premier-League,2425,2024-12-01,13:30,Sunday,12,12,Chelsea,Aston Villa,H,1.7,4.0,4.5,3,0,1.8333333333333333,1.5833333333333333,1.4,1.21,2.56,1.92,0.64,0.6918623144814504,0.16647920211537326,0.14165848340317638,H
Premier-League,2425,2024-12-01,13:30,Sunday,12,12,Tottenham,Fulham,D,1.95,4.2,3.3,1,1,1.5833333333333333,1.5,1.28,1.16,2.02,1.74,0.28,0.6971266380031496,0.1758053786800292,0.12706798331682126,H
Premier-League,2425,2024-12-01,13:30,Sunday,12,12,Man United,Everton,H,1.57,4.0,5.75,4,0,1.3333333333333333,0.9166666666666666,1.23,1.06,1.64,0.97,0.67,0.5451004885458653,0.29631114433995553,0.1585883671141791,H
Premier-League,2425,2024-12-03,19:30,Tuesday,13,13,Ipswich,Crystal Palace,A,3.2,3.4,2.25,0,1,0.6923076923076923,0.6923076923076923,1.51,1.42,1.05,0.99,0.06,0.3159068888752327,0.3186639513416649,0.3654291597831024,A
Premier-League,2425,2024-12-03,20:15,Tuesday,13,13,Leicester,West Ham,H,3.0,3.5,2.3,3,1,0.7692307692307693,1.1538461538461535,1.48,1.49,1.14,1.72,0.58,0.4172285706068153,0.23763602279616564,0.3451354065970191,H
Premier-League,2425,2024-12-04,20:15,Wednesday,13,13,Arsenal,Man United,H,1.45,4.33,6.25,2,0,1.9230769230769231,1.4615384615384617,1.49,1.18,2.87,1.72,1.15,0.7331473285224354,0.17928783907998852,0.08756483239757605,H
Premier-League,2425,2024-12-04,19:30,Wednesday,13,13,Everton,Wolves,H,2.1,3.3,3.6,4,0,0.8461538461538461,0.6923076923076923,1.15,1.64,0.98,1.14,0.16,0.39561628452723213,0.2728011772774925,0.3315825381952754,H
Premier-League,2425,2024-12-04,19:30,Wednesday,13,13,Man City,Nott'm Forest,H,1.3,5.25,9.5,3,0,1.7692307692307692,1.6923076923076923,1.24,1.35,2.19,2.28,0.09,0.7347260156758114,0.17412196791378945,0.09115201641039919,H
Premier-League,2425,2024-12-04,19:30,Wednesday,13,13,Southampton,Chelsea,A,8.5,5.5,1.3,1,5,0.3846153846153846,1.9230769230769231,1.59,1.45,0.61,2.79,2.18,0.13648818295945445,0.22829138109925692,0.6352204359412885,A
Premier-League,2425,2024-12-04,20:15,Wednesday,13,13,Aston Villa,Brentford,H,1.67,4.0,5.0,3,1,1.4615384615384617,1.5384615384615383,1.28,1.28,1.87,1.97,0.1,0.5784562046519179,0.2005809517781259,0.22096284356995624,H
Premier-League,2425,2024-12-04,19:30,Wednesday,13,13,Newcastle,Liverpool,D,3.5,3.75,2.0,3,3,1.4615384615384617,2.6153846153846154,1.24,1.28,1.82,3.36,1.54,0.2752730456151836,0.2710347349588071,0.45369221942600935,A
Premier-League,2425,2024-12-05,19:30,Thursday,13,13,Fulham,Brighton,H,2.55,3.6,2.6,3,1,1.4615384615384617,1.7692307692307692,1.21,1.37,1.77,2.43,0.66,0.4529970032803199,0.27563211054917297,0.27137088617050725,H
Premier-League,2425,2024-12-05,20:15,Thursday,13,13,Bournemouth,Tottenham,H,2.1,4.0,3.0,1,0,1.3846153846153846,1.5384615384615383,1.53,1.27,2.13,1.96,0.16,0.41106430266311395,0.24309304916985766,0.3458426481670285,H
Premier-League,2425,2024-12-07,17:30,Saturday,14,14,Man United,Nott'm Forest,A,1.67,3.9,5.0,2,3,1.3571428571428572,1.5714285714285714,1.26,1.41,1.7,2.21,0.51,0.5626629052529841,0.26234541361543795,0.17499168113157798,H
Premier-League,2425,2024-12-07,15:00,Saturday,14,14,Crystal Palace,Man City,D,4.5,4.0,1.73,2,2,0.8571428571428571,1.8571428571428568,1.35,1.26,1.15,2.33,1.18,0.2674772738466572,0.27609874852823535,0.4564239776251075,A
Premier-League,2425,2024-12-07,15:00,Saturday,14,14,Aston Villa,Southampton,H,1.3,5.5,9.0,1,0,1.5714285714285714,0.3571428571428571,1.19,1.61,1.88,0.58,1.3,0.7955114998595751,0.14158333555616845,0.06290516458425635,H
Premier-League,2425,2024-12-07,15:00,Saturday,14,14,Brentford,Newcastle,H,2.88,3.75,2.3,4,2,1.4285714285714286,1.4285714285714286,1.35,1.35,1.92,1.92,0.0,0.442180517193268,0.2339914544078495,0.32382802839888264,H
Premier-League,2425,2024-12-08,14:00,Sunday,14,14,Fulham,Arsenal,D,5.0,4.33,1.62,1,1,1.5714285714285714,2.0,1.2,1.44,1.88,2.88,1.0,0.2154568812603873,0.27226551712485925,0.5122776016147534,A
Premier-League,2425,2024-12-08,14:00,Sunday,14,14,Ipswich,Bournemouth,A,3.7,3.8,1.91,1,2,0.6428571428571429,1.5,1.44,1.48,0.93,2.22,1.29,0.26180968331223453,0.3070673873383566,0.43112292934940877,A
Premier-League,2425,2024-12-08,16:30,Sunday,14,14,Tottenham,Chelsea,A,2.88,4.0,2.2,3,4,1.4285714285714286,2.0,1.3,1.35,1.86,2.7,0.84,0.4784449835577373,0.22230752116263558,0.29924749527962735,H
Premier-League,2425,2024-12-08,14:00,Sunday,14,14,Leicester,Brighton,D,5.0,4.2,1.65,2,2,0.9285714285714286,1.6428571428571428,1.44,1.42,1.34,2.33,0.99,0.3619297007468506,0.25746326222090854,0.3806070370322409,A
Premier-League,2425,2024-12-09,20:00,Monday,14,14,West Ham,Wolves,H,1.8,3.9,4.2,2,1,1.0714285714285714,0.6428571428571429,1.45,1.66,1.55,1.06,0.48,0.5721463532351103,0.19627782091284998,0.23157582585203956,H
Premier-League,2425,2024-12-14,17:30,Saturday,15,15,Nott'm Forest,Aston Villa,H,2.7,3.2,2.75,2,1,1.6666666666666667,1.6666666666666667,1.42,1.12,2.37,1.86,0.51,0.46530606838899946,0.2612681177565728,0.2734258138544279,H
Premier-League,2425,2024-12-14,15:00,Saturday,15,15,Newcastle,Leicester,H,1.29,6.25,9.0,4,0,1.3333333333333333,0.9333333333333332,1.42,1.44,1.9,1.35,0.55,0.7436961627134753,0.15260662479278272,0.10369721249374186,H
Premier-League,2425,2024-12-14,15:00,Saturday,15,15,Wolves,Ipswich,A,1.91,3.7,3.75,1,2,0.6,0.6,1.63,1.44,0.98,0.86,0.11,0.6513875025089195,0.20637162339678342,0.14224087409429714,H
Premier-League,2425,2024-12-14,15:00,Saturday,14,15,Liverpool,Fulham,D,1.29,6.0,9.0,2,2,2.5,1.5333333333333334,1.28,1.19,3.21,1.82,1.39,0.7583434712517092,0.15992665448649132,0.08172987426179942,H
Premier-League,2425,2024-12-14,15:00,Saturday,15,14,Arsenal,Everton,D,1.22,6.5,13.0,0,0,1.9333333333333331,1.0,1.45,1.1,2.81,1.1,1.71,0.7995859586614829,0.15428433941921418,0.046129701919302955,H
Premier-League,2425,2024-12-15,14:00,Sunday,15,15,Brighton,Crystal Palace,A,1.91,3.6,3.9,1,3,1.6,0.8666666666666667,1.39,1.35,2.22,1.17,1.06,0.5151389083153708,0.2667031198366553,0.21815797184797392,H
Premier-League,2425,2024-12-15,19:00,Sunday,15,15,Chelsea,Brentford,H,1.33,6.0,7.5,2,1,2.066666666666667,1.5333333333333334,1.34,1.31,2.78,2.01,0.76,0.8007680299382529,0.11442895138884775,0.08480301867289933,H
Premier-League,2425,2024-12-15,16:30,Sunday,15,15,Man City,Man United,A,1.5,4.75,5.75,1,2,1.8,1.2666666666666666,1.26,1.3,2.27,1.65,0.63,0.7236692871878514,0.17297499249853304,0.1033557203136157,H
Premier-League,2425,2024-12-15,19:00,Sunday,15,15,Southampton,Tottenham,A,3.9,4.5,1.75,0,5,0.3333333333333333,1.3333333333333333,1.66,1.39,0.55,1.85,1.29,0.1476431604107244,0.23416148674885778,0.6181953528404179,A
Premier-League,2425,2024-12-16,20:00,Monday,15,15,Bournemouth,West Ham,D,1.73,4.1,4.2,1,1,1.6,1.2,1.42,1.44,2.27,1.73,0.54,0.6460038198919273,0.19940097936722467,0.15459520074084795,H
Premier-League,2425,2024-12-21,15:00,Saturday,16,16,Ipswich,Newcastle,A,4.75,3.9,1.73,0,4,0.75,1.4375,1.37,1.4,1.03,2.01,0.98,0.25446885089952503,0.28093577705514006,0.46459537204533496,A
Premier-League,2425,2024-12-21,15:00,Saturday,16,16,Brentford,Nott'm Forest,A,2.5,3.6,2.7,0,2,1.4375,1.75,1.35,1.39,1.93,2.43,0.5,0.5471704589924662,0.2305723567612537,0.22225718424628,H
Premier-League,2425,2024-12-21,12:30,Saturday,16,16,Aston Villa,Man City,H,3.1,3.6,2.2,2,1,1.5625,1.6875,1.19,1.26,1.86,2.12,0.27,0.3222969806438505,0.24482849639007187,0.4328745229660777,A
Premier-League,2425,2024-12-21,15:00,Saturday,16,16,West Ham,Brighton,D,2.75,3.6,2.45,1,1,1.1875,1.5,1.46,1.41,1.73,2.11,0.38,0.45431085927865356,0.24505202058133685,0.3006371201400097,H
Premier-League,2425,2024-12-21,17:30,Saturday,16,16,Crystal Palace,Arsenal,A,7.0,4.33,1.48,1,5,1.0,1.875,1.4,1.42,1.4,2.66,1.25,0.22729554654306466,0.3001622969285473,0.47254215652838816,A
Premier-League,2425,2024-12-22,14:00,Sunday,16,16,Leicester,Wolves,A,2.9,3.4,2.38,0,3,0.875,0.5625,1.43,1.58,1.25,0.89,0.36,0.4814825590070342,0.2208812158980624,0.2976362250949035,H
Premier-League,2425,2024-12-22,16:30,Sunday,16,15,Tottenham,Liverpool,A,4.75,4.5,1.6,3,6,1.4375,2.4,1.29,1.24,1.86,2.99,1.13,0.40049923254421943,0.24052895359679866,0.3589718138589819,H
Premier-League,2425,2024-12-22,14:00,Sunday,16,16,Fulham,Southampton,D,1.57,4.2,5.75,0,0,1.5,0.3125,1.25,1.61,1.87,0.5,1.37,0.7992293706561927,0.15363904512882712,0.04713158421498015,H
Premier-League,2425,2024-12-22,14:00,Sunday,16,16,Man United,Bournemouth,A,1.8,3.7,4.33,0,3,1.375,1.5625,1.34,1.4,1.85,2.18,0.33,0.518011282590045,0.2602119659619764,0.22177675144797843,H
Premier-League,2425,2024-12-22,14:00,Sunday,15,16,Everton,Chelsea,D,4.5,4.1,1.67,0,0,1.0,2.125,1.2,1.29,1.2,2.74,1.55,0.23280288295783308,0.27299357176468697,0.49420354527748,A
Premier-League,2425,2024-12-26,15:00,Thursday,17,17,Bournemouth,Crystal Palace,D,2.1,3.6,3.4,0,0,1.6470588235294117,0.9411764705882352,1.39,1.41,2.28,1.33,0.96,0.5530486373682358,0.24959304914040129,0.19735831349136257,H
Premier-League,2425,2024-12-26,15:00,Thursday,17,17,Chelsea,Fulham,A,1.45,5.25,5.75,1,2,2.0588235294117645,1.4705882352941178,1.26,1.18,2.6,1.73,0.86,0.6848274747980636,0.18737526088513565,0.12779726431680086,H
Premier-League,2425,2024-12-26,20:00,Thursday,16,17,Liverpool,Leicester,H,1.07,12.0,23.0,3,1,2.4375,0.8235294117647058,1.25,1.38,3.04,1.14,1.9,0.9340166911250661,0.04853337378104509,0.017449935093888723,H
Premier-League,2425,2024-12-26,12:30,Thursday,17,16,Man City,Everton,D,1.33,5.5,8.5,1,1,1.588235294117647,1.0,1.32,1.26,2.09,1.26,0.83,0.6985896090486277,0.21281712494628038,0.08859326600509193,H
Premier-League,2425,2024-12-26,15:00,Thursday,17,17,Newcastle,Aston Villa,H,1.9,3.8,3.8,3,0,1.5294117647058822,1.6470588235294117,1.32,1.2,2.02,1.98,0.03,0.6059979090154213,0.20622381584770824,0.18777827513687073,H
Premier-League,2425,2024-12-26,15:00,Thursday,17,17,Nott'm Forest,Tottenham,H,2.1,3.9,3.0,1,0,1.8235294117647056,1.3529411764705883,1.47,1.34,2.69,1.81,0.88,0.4018582960021301,0.24455010290197776,0.35359160109589205,H
Premier-League,2425,2024-12-26,17:30,Thursday,17,17,Wolves,Man United,H,4.33,3.8,1.8,2,0,0.7058823529411765,1.2941176470588236,1.55,1.35,1.1,1.75,0.65,0.4140230272160659,0.24121181543303616,0.3447651573508979,H
Premier-League,2425,2024-12-26,15:00,Thursday,17,17,Southampton,West Ham,A,3.1,3.5,2.25,0,1,0.3529411764705882,1.1764705882352942,1.61,1.41,0.57,1.66,1.1,0.2041451031083204,0.3021951309119478,0.4936597659797319,A
Premier-League,2425,2024-12-27,20:15,Friday,17,17,Arsenal,Ipswich,H,1.14,8.5,17.0,1,0,1.9411764705882355,0.7058823529411765,1.38,1.36,2.67,0.96,1.71,0.8941822261478933,0.08552345198604157,0.020294321866065005,H
Premier-League,2425,2024-12-27,19:30,Friday,17,17,Brighton,Brentford,D,1.6,4.5,4.75,0,0,1.4705882352941178,1.3529411764705883,1.38,1.39,2.03,1.89,0.15,0.5286448148557301,0.22559743861079543,0.24575774653347432,H
Premier-League,2425,2024-12-29,17:15,Sunday,18,17,West Ham,Liverpool,A,7.0,5.25,1.38,0,5,1.2777777777777777,2.4705882352941178,1.35,1.24,1.73,3.07,1.34,0.18035838700306303,0.20003086585589547,0.6196107471410415,A
Premier-League,2425,2024-12-29,15:00,Sunday,18,18,Tottenham,Wolves,D,1.65,4.33,4.5,2,2,1.2777777777777777,0.8333333333333334,1.37,1.52,1.75,1.27,0.49,0.7680193683163676,0.1258252968352266,0.10615533484840572,H
Premier-League,2425,2024-12-29,14:30,Sunday,18,18,Leicester,Man City,A,9.5,6.25,1.27,0,2,0.7777777777777778,1.5555555555555556,1.45,1.29,1.13,2.01,0.88,0.1454208046151334,0.18956233953460916,0.6650168558502575,A
Premier-League,2425,2024-12-29,15:00,Sunday,18,18,Crystal Palace,Southampton,H,1.5,4.33,6.25,2,1,0.9444444444444444,0.3333333333333333,1.44,1.58,1.36,0.53,0.83,0.7377369770287936,0.20247601619722114,0.059787006773985206,H
Premier-League,2425,2024-12-29,15:00,Sunday,17,18,Everton,Nott'm Forest,A,2.63,3.1,2.88,0,2,1.0,1.8888888888888888,1.31,1.44,1.31,2.73,1.41,0.3448796576603811,0.3600278504279374,0.2950924919116814,D
Premier-League,2425,2024-12-29,15:00,Sunday,18,18,Fulham,Bournemouth,D,2.25,3.4,3.2,2,2,1.5555555555555556,1.6111111111111112,1.22,1.4,1.89,2.26,0.37,0.4637491400426259,0.28082657217769835,0.2554242877796758,H
Premier-League,2425,2024-12-30,20:00,Monday,18,18,Man United,Newcastle,A,2.7,3.5,2.55,0,2,1.2222222222222223,1.6111111111111112,1.33,1.33,1.63,2.14,0.51,0.35550580241731017,0.26201005115973275,0.38248414642295725,A
Premier-League,2425,2024-12-30,19:45,Monday,18,18,Aston Villa,Brighton,D,1.85,3.7,4.1,2,2,1.5555555555555556,1.4444444444444444,1.23,1.31,1.91,1.89,0.02,0.5171680120811487,0.24553377646813315,0.23729821145071822,H
Premier-League,2425,2024-12-30,19:45,Monday,18,18,Ipswich,Chelsea,H,7.0,5.0,1.4,2,0,0.6666666666666666,1.9444444444444444,1.4,1.27,0.93,2.47,1.54,0.1374865416749405,0.21859179117579963,0.6439216671492598,A
Premier-League,2425,2025-01-01,17:30,Wednesday,18,18,Brentford,Arsenal,A,5.5,4.33,1.55,1,3,1.3333333333333333,2.0,1.38,1.35,1.84,2.7,0.86,0.17537156946626936,0.23012766361567963,0.5945007669180509,A
Premier-League,2425,2025-01-04,15:00,Saturday,19,18,Bournemouth,Everton,H,1.67,3.8,5.0,1,0,1.5789473684210529,0.9444444444444444,1.4,1.33,2.21,1.26,0.95,0.5558253103334613,0.29181015056696696,0.1523645390995717,H
Premier-League,2425,2025-01-04,15:00,Saturday,19,19,Aston Villa,Leicester,H,1.33,5.25,8.5,2,1,1.5263157894736843,0.7368421052631579,1.25,1.44,1.91,1.06,0.85,0.7396742218442043,0.15896055111298782,0.10136522704280806,H
Premier-League,2425,2025-01-04,12:30,Saturday,19,19,Tottenham,Newcastle,A,3.9,4.5,1.73,1,2,1.263157894736842,1.6842105263157894,1.35,1.33,1.7,2.24,0.54,0.4755773193498142,0.2182527468983401,0.3061699337518457,H
Premier-League,2425,2025-01-04,15:00,Saturday,19,19,Man City,West Ham,H,1.22,7.0,9.5,4,1,1.631578947368421,1.2105263157894737,1.28,1.41,2.09,1.7,0.39,0.8081924934019685,0.12445988774333962,0.06734761885469195,H
Premier-League,2425,2025-01-04,15:00,Saturday,19,19,Crystal Palace,Chelsea,D,3.6,3.9,1.91,1,1,1.0526315789473684,1.8421052631578947,1.39,1.25,1.46,2.3,0.84,0.3326382658293615,0.25184066694261154,0.41552106722802695,A
Premier-League,2425,2025-01-04,15:00,Saturday,19,19,Southampton,Brentford,A,3.25,3.6,2.1,0,5,0.3157894736842105,1.263157894736842,1.53,1.4,0.48,1.77,1.29,0.16112956810136192,0.2654040710301921,0.573466360868446,A
Premier-League,2425,2025-01-04,17:30,Saturday,19,19,Brighton,Arsenal,D,5.0,3.6,1.75,1,1,1.4210526315789471,2.0526315789473686,1.34,1.39,1.9,2.86,0.96,0.17666117260257308,0.25759312462561623,0.5657457027718108,A
Premier-League,2425,2025-01-05,14:00,Sunday,19,19,Fulham,Ipswich,D,1.53,4.2,6.0,2,2,1.5263157894736843,0.7894736842105263,1.26,1.42,1.92,1.12,0.81,0.6356357478403958,0.24399554436125237,0.1203687077983518,H
Premier-League,2425,2025-01-05,16:30,Sunday,18,19,Liverpool,Man United,D,1.36,5.5,7.5,2,2,2.5,1.1578947368421053,1.25,1.35,3.12,1.56,1.55,0.7996502444601434,0.13322436259362325,0.06712539294623338,H
Premier-League,2425,2025-01-06,20:00,Monday,19,19,Wolves,Nott'm Forest,A,3.9,3.5,1.95,0,3,0.8421052631578947,1.947368421052632,1.48,1.4,1.24,2.73,1.49,0.3926225076425412,0.25813398628377665,0.3492435060736821,H
Premier-League,2425,2025-01-14,19:30,Tuesday,20,20,Brentford,Man City,D,5.25,4.2,1.6,2,2,1.35,1.7,1.34,1.29,1.81,2.19,0.37,0.30392614957116915,0.2295361535324778,0.46653769689635305,A
Premier-League,2425,2025-01-14,20:00,Tuesday,20,19,Nott'm Forest,Liverpool,D,5.25,4.1,1.62,1,1,2.0,2.421052631578948,1.37,1.23,2.73,2.99,0.26,0.2842749003902,0.2643346962769987,0.4513904033328012,A
Premier-League,2425,2025-01-14,19:30,Tuesday,20,20,West Ham,Fulham,H,3.0,3.3,2.35,3,2,1.15,1.5,1.42,1.24,1.63,1.85,0.22,0.34201766694994573,0.25777336073100776,0.4002089723190465,A
Premier-League,2425,2025-01-14,19:30,Tuesday,20,20,Chelsea,Bournemouth,D,1.5,4.75,5.25,2,2,1.8,1.65,1.25,1.35,2.24,2.22,0.02,0.5950661649403646,0.2186644797674224,0.18626935529221314,H
Premier-League,2425,2025-01-15,20:00,Wednesday,20,20,Arsenal,Tottenham,H,1.36,5.5,7.5,2,1,2.0,1.2,1.4,1.34,2.8,1.61,1.18,0.7525800038469799,0.1556508977002584,0.09176909845276196,H
Premier-League,2425,2025-01-15,19:30,Wednesday,19,20,Everton,Aston Villa,A,3.4,3.1,2.25,0,1,0.8947368421052632,1.6,1.38,1.2,1.23,1.92,0.69,0.34255800674425524,0.3265292079391697,0.33091278531657503,H
Premier-League,2425,2025-01-15,19:30,Wednesday,20,20,Newcastle,Wolves,H,1.36,5.0,7.5,3,0,1.75,0.8,1.29,1.49,2.26,1.2,1.06,0.7727226497224513,0.1359461635806485,0.09133118669690021,H
Premier-League,2425,2025-01-15,19:30,Wednesday,20,20,Leicester,Crystal Palace,A,3.8,3.7,1.91,0,2,0.7,1.05,1.43,1.38,1.0,1.45,0.45,0.2795615031662608,0.2780084909382477,0.4424300058954914,A
Premier-League,2425,2025-01-16,20:00,Thursday,20,20,Man United,Southampton,H,1.27,6.0,10.0,3,1,1.15,0.3,1.39,1.46,1.6,0.44,1.16,0.775354471153616,0.17601457992947883,0.04863094891690534,H
Premier-League,2425,2025-01-16,19:30,Thursday,20,20,Ipswich,Brighton,A,3.7,3.6,1.95,0,2,0.8,1.4,1.42,1.38,1.14,1.93,0.8,0.312439158704672,0.31139025812233984,0.3761705831729881,A
Premier-League,2425,2025-01-18,17:30,Saturday,21,21,Arsenal,Aston Villa,D,1.53,4.1,6.25,2,2,2.0476190476190474,1.6666666666666667,1.39,1.2,2.84,2.0,0.84,0.7745703159658877,0.15351887732951708,0.0719108067045954,H
Premier-League,2425,2025-01-18,15:00,Saturday,21,21,West Ham,Crystal Palace,A,2.75,3.3,2.55,0,2,1.238095238095238,1.1428571428571428,1.41,1.34,1.75,1.53,0.21,0.377755187510906,0.26308834793308505,0.35915646455600914,H
Premier-League,2425,2025-01-18,12:30,Saturday,21,21,Newcastle,Bournemouth,A,1.65,4.2,5.0,1,4,1.809523809523809,1.619047619047619,1.28,1.35,2.31,2.19,0.12,0.5824168537567976,0.2334311292314358,0.18415201701176673,H
Premier-League,2425,2025-01-18,15:00,Saturday,21,21,Leicester,Fulham,A,4.5,3.7,1.8,0,2,0.6666666666666666,1.4285714285714286,1.45,1.24,0.97,1.77,0.8,0.2338199054699006,0.2552756586650915,0.5109044358650079,A
Premier-League,2425,2025-01-18,15:00,Saturday,21,20,Brentford,Liverpool,A,5.75,5.0,1.48,0,2,1.3333333333333333,2.35,1.35,1.29,1.79,3.03,1.24,0.23742068824839496,0.20621786667109554,0.5563614450805094,A
Premier-League,2425,2025-01-19,16:30,Sunday,21,21,Ipswich,Man City,A,7.0,5.0,1.4,0,6,0.7619047619047619,1.6666666666666667,1.43,1.3,1.09,2.17,1.08,0.1489123575712915,0.24220711183704885,0.6088805305916596,A
Premier-League,2425,2025-01-19,14:00,Sunday,20,21,Everton,Tottenham,H,2.5,3.3,2.8,3,2,0.85,1.1428571428571428,1.4,1.4,1.19,1.6,0.41,0.26007355074328786,0.2984140623211459,0.44151238693556605,A
Premier-League,2425,2025-01-19,14:00,Sunday,21,21,Nott'm Forest,Southampton,H,1.38,4.75,8.0,3,2,1.9523809523809523,0.2857142857142857,1.41,1.44,2.76,0.41,2.35,0.8061939724763343,0.15693642084125187,0.036869606682413944,H
Premier-League,2425,2025-01-19,14:00,Sunday,21,21,Man United,Brighton,A,2.25,3.4,3.1,1,3,1.238095238095238,1.4761904761904765,1.33,1.33,1.65,1.96,0.31,0.4461883376861613,0.2756024280316963,0.2782092342821423,H
Premier-League,2425,2025-01-20,20:00,Monday,21,21,Chelsea,Wolves,H,1.45,5.0,6.25,3,1,1.761904761904762,0.7619047619047619,1.3,1.53,2.29,1.16,1.13,0.7881093013133241,0.12559048078045626,0.08630021790621953,H
Premier-League,2425,2025-01-25,15:00,Saturday,22,22,Southampton,Newcastle,A,6.5,4.75,1.44,1,3,0.2727272727272727,1.7272727272727273,1.45,1.3,0.4,2.25,1.85,0.08125431506174446,0.1882066912027152,0.7305389937355404,A
Premier-League,2425,2025-01-25,15:00,Saturday,22,22,Wolves,Arsenal,A,5.75,4.0,1.6,0,1,0.7272727272727273,2.0,1.53,1.37,1.12,2.73,1.62,0.13449541031222392,0.19894200322215982,0.6665625864656164,A
Premier-League,2425,2025-01-25,17:30,Saturday,22,22,Man City,Chelsea,H,2.38,3.7,2.7,3,1,1.7272727272727273,1.818181818181818,1.27,1.27,2.19,2.32,0.13,0.6086652048112468,0.20122555495950353,0.1901092402292497,H
Premier-League,2425,2025-01-25,15:00,Saturday,21,22,Liverpool,Ipswich,H,1.11,11.0,15.0,4,1,2.380952380952381,0.7272727272727273,1.32,1.44,3.15,1.05,2.1,0.9048756587493987,0.07381245378338896,0.021311887467212205,H
Premier-League,2425,2025-01-25,15:00,Saturday,22,21,Brighton,Everton,A,1.73,3.6,5.25,0,1,1.5454545454545454,0.9523809523809524,1.34,1.37,2.07,1.3,0.77,0.5296618413583061,0.30492470441340275,0.16541345422829118,H
Premier-League,2425,2025-01-25,15:00,Saturday,22,22,Bournemouth,Nott'm Forest,H,1.91,3.7,3.8,5,0,1.681818181818182,2.0,1.39,1.36,2.34,2.71,0.38,0.4920352513936303,0.27755060805380366,0.23041414055256607,H
Premier-League,2425,2025-01-26,19:00,Sunday,22,22,Fulham,Man United,A,2.35,3.4,3.1,0,1,1.5,1.181818181818182,1.24,1.33,1.86,1.57,0.29,0.5328839778126502,0.254115296300561,0.21300072588678884,H
Premier-League,2425,2025-01-26,14:00,Sunday,22,22,Crystal Palace,Brentford,A,1.95,3.75,3.6,1,2,1.2272727272727273,1.2727272727272727,1.35,1.42,1.65,1.8,0.15,0.507170089844113,0.24956312594689703,0.2432667842089901,H
Premier-League,2425,2025-01-26,14:00,Sunday,22,22,Tottenham,Leicester,A,1.5,4.75,5.5,1,2,1.0909090909090908,0.6363636363636364,1.39,1.43,1.52,0.91,0.61,0.8529716166326362,0.09857608492427487,0.048452298443088966,H
Premier-League,2425,2025-01-26,16:30,Sunday,22,22,Aston Villa,West Ham,D,1.45,4.75,6.25,1,1,1.6363636363636365,1.181818181818182,1.29,1.43,2.11,1.68,0.43,0.6648221050150697,0.18639014546928526,0.1487877495156452,H
Premier-League,2425,2025-02-01,15:00,Saturday,23,22,Bournemouth,Liverpool,A,4.33,4.2,1.7,0,2,1.7391304347826086,2.409090909090909,1.41,1.3,2.46,3.13,0.67,0.3333627051551509,0.2564169255972152,0.41022036924763394,A
Premier-League,2425,2025-02-01,15:00,Saturday,22,23,Everton,Leicester,H,1.95,3.4,4.1,4,0,1.0454545454545454,0.7391304347826086,1.37,1.41,1.43,1.04,0.39,0.5308849522018628,0.312409538913242,0.15670550888489498,H
Premier-League,2425,2025-02-01,15:00,Saturday,23,23,Ipswich,Southampton,A,1.9,3.6,3.9,1,2,0.6956521739130435,0.2608695652173913,1.49,1.47,1.04,0.38,0.65,0.5434572445584118,0.3023654278784541,0.15417732756313396,H
Premier-League,2425,2025-02-01,15:00,Saturday,23,23,Newcastle,Fulham,A,1.7,3.9,4.75,1,2,1.7826086956521738,1.434782608695652,1.26,1.25,2.25,1.79,0.45,0.6063118626301114,0.2203454458354803,0.17334269153440862,H
Premier-League,2425,2025-02-01,17:30,Saturday,23,23,Wolves,Aston Villa,H,3.2,3.4,2.2,2,0,0.6956521739130435,1.608695652173913,1.52,1.3,1.06,2.1,1.04,0.3815803650318458,0.2405853922222612,0.377834242745893,H
Premier-League,2425,2025-02-01,12:30,Saturday,23,23,Nott'm Forest,Brighton,H,2.63,3.3,2.7,7,0,1.9130434782608696,1.4782608695652173,1.38,1.33,2.64,1.97,0.67,0.4634430178556936,0.2802559154859511,0.2563010666583553,H
Premier-League,2425,2025-02-02,16:30,Sunday,23,23,Arsenal,Man City,H,1.9,3.8,3.8,5,1,2.0434782608695654,1.7826086956521738,1.33,1.31,2.72,2.33,0.39,0.5467966501809073,0.2576570160641211,0.19554633375497157,H
Premier-League,2425,2025-02-02,14:00,Sunday,23,23,Man United,Crystal Palace,A,1.75,3.6,4.75,0,2,1.2608695652173914,1.173913043478261,1.36,1.36,1.72,1.6,0.12,0.4373838308679475,0.2940672897173527,0.2685488794146999,H
Premier-League,2425,2025-02-02,14:00,Sunday,23,23,Brentford,Tottenham,A,1.91,4.0,3.5,0,2,1.3478260869565215,1.0434782608695652,1.41,1.37,1.89,1.43,0.47,0.48980766633192946,0.21002571915733143,0.3001666145107392,H
Premier-League,2425,2025-02-03,20:00,Monday,23,23,Chelsea,West Ham,H,1.27,6.0,9.5,2,1,1.7391304347826086,1.173913043478261,1.31,1.42,2.29,1.67,0.62,0.7851942743745468,0.13145137415814775,0.08335435146730552,H
Premier-League,2425,2025-02-12,19:30,Wednesday,23,23,Everton,Liverpool,D,7.0,4.33,1.45,2,2,1.1304347826086956,2.4347826086956523,1.33,1.3,1.51,3.17,1.66,0.17883007700805803,0.2867489178441046,0.5344210051478375,A
Premier-League,2425,2025-02-14,20:00,Friday,24,24,Brighton,Chelsea,H,2.9,3.7,2.3,3,0,1.4166666666666667,1.7916666666666667,1.37,1.3,1.94,2.34,0.4,0.32855252630864057,0.24671014517183112,0.42473732851952833,A
Premier-League,2425,2025-02-15,15:00,Saturday,24,24,Man City,Newcastle,H,2.05,3.9,3.2,4,0,1.7083333333333333,1.7083333333333333,1.35,1.27,2.31,2.17,0.14,0.618154660466995,0.19869285811148646,0.18315248142151858,H
Premier-League,2425,2025-02-15,15:00,Saturday,24,24,Fulham,Nott'm Forest,H,2.1,3.4,3.5,2,1,1.5,1.9583333333333333,1.27,1.41,1.9,2.75,0.85,0.43388916198130106,0.277408199161454,0.28870263885724506,H
Premier-League,2425,2025-02-15,17:30,Saturday,24,24,Crystal Palace,Everton,A,1.95,3.1,4.5,1,2,1.25,1.125,1.34,1.38,1.68,1.55,0.13,0.4679455512690057,0.3296260335683114,0.20242841516268303,H
Premier-League,2425,2025-02-15,15:00,Saturday,24,24,West Ham,Brentford,A,2.35,3.6,2.88,0,1,1.125,1.2916666666666667,1.43,1.39,1.61,1.79,0.19,0.39963650188079564,0.2410564759459464,0.35930702217325794,H
Premier-League,2425,2025-02-15,12:30,Saturday,24,24,Leicester,Arsenal,A,9.5,5.25,1.33,0,2,0.7083333333333334,2.083333333333333,1.38,1.34,0.98,2.79,1.81,0.06392591637174458,0.16124300565412855,0.774831077974127,A
Premier-League,2425,2025-02-15,15:00,Saturday,24,24,Southampton,Bournemouth,A,6.25,4.5,1.48,1,3,0.375,1.6666666666666667,1.42,1.46,0.53,2.43,1.9,0.10805891653728261,0.21889943915594706,0.6730416443067704,A
Premier-League,2425,2025-02-15,15:00,Saturday,24,24,Aston Villa,Ipswich,D,1.42,4.75,7.0,1,1,1.5416666666666667,0.6666666666666666,1.29,1.44,1.99,0.96,1.02,0.7224955292930774,0.18691834563513354,0.09058612507178904,H
Premier-League,2425,2025-02-16,14:00,Sunday,24,24,Liverpool,Wolves,H,1.22,7.0,11.0,2,1,2.375,0.7916666666666666,1.3,1.51,3.08,1.2,1.88,0.8808990763779292,0.08102265772347644,0.038078265898594234,H
Premier-League,2425,2025-02-16,16:30,Sunday,24,24,Tottenham,Man United,H,2.15,3.8,3.1,1,0,1.125,1.2083333333333333,1.38,1.38,1.56,1.67,0.12,0.6305870164023728,0.20300155425341965,0.1664114293442075,H
Premier-League,2425,2025-02-19,19:30,Wednesday,25,25,Aston Villa,Liverpool,D,3.75,4.0,1.85,2,2,1.52,2.4,1.29,1.27,1.97,3.06,1.09,0.21305377300350814,0.22741891206982207,0.5595273149266698,A
Premier-League,2425,2025-02-21,20:00,Friday,25,25,Leicester,Brentford,A,3.5,3.8,1.95,0,4,0.68,1.36,1.41,1.37,0.96,1.87,0.91,0.2257049987148176,0.24676017660484478,0.5275348246803375,A
Premier-League,2425,2025-02-22,15:00,Saturday,25,25,Arsenal,West Ham,A,1.27,5.75,11.0,0,1,2.12,1.08,1.3,1.42,2.77,1.53,1.24,0.8644308399825987,0.10130216299088698,0.034266997026514354,H
Premier-League,2425,2025-02-22,17:30,Saturday,26,25,Aston Villa,Chelsea,H,2.6,3.3,2.63,2,1,1.5,1.72,1.34,1.32,2.0,2.27,0.27,0.38330553510092336,0.24285281635705766,0.37384164854201896,H
Premier-League,2425,2025-02-22,15:00,Saturday,25,25,Bournemouth,Wolves,A,1.62,4.1,5.0,0,1,1.72,0.76,1.41,1.54,2.42,1.17,1.25,0.712449082069436,0.17261847041309,0.11493244751747399,H
Premier-League,2425,2025-02-22,15:00,Saturday,25,25,Ipswich,Tottenham,A,3.3,3.75,2.05,1,4,0.68,1.2,1.47,1.37,1.0,1.64,0.65,0.18451333190715147,0.23459317207391633,0.5808934960189321,A
Premier-League,2425,2025-02-22,15:00,Saturday,25,25,Fulham,Crystal Palace,A,2.1,3.4,3.6,0,2,1.56,1.2,1.3,1.33,2.03,1.59,0.44,0.4857687252217624,0.2798770023226518,0.23435427245558588,H
Premier-League,2425,2025-02-22,15:00,Saturday,25,25,Southampton,Brighton,A,5.25,4.33,1.53,0,4,0.36,1.48,1.43,1.39,0.52,2.05,1.53,0.1729602826158026,0.25650315172692956,0.570536565657268,A
Premier-League,2425,2025-02-22,12:30,Saturday,25,25,Everton,Man United,D,2.63,3.0,2.88,2,2,1.2,1.16,1.35,1.38,1.62,1.6,0.02,0.44829384265436134,0.327426287356328,0.22427986998931038,H
Premier-League,2425,2025-02-23,14:00,Sunday,25,25,Newcastle,Nott'm Forest,H,1.9,3.8,3.75,4,3,1.64,1.88,1.32,1.41,2.17,2.66,0.49,0.519583409546847,0.2404231851952019,0.23999340525795113,H
Premier-League,2425,2025-02-23,16:30,Sunday,25,26,Man City,Liverpool,A,3.0,3.8,2.2,0,2,1.76,2.3461538461538463,1.36,1.29,2.4,3.04,0.64,0.4573197451610436,0.23350009023229848,0.30918016460665787,H
Premier-League,2425,2025-02-25,19:30,Tuesday,26,26,Brighton,Bournemouth,H,1.95,3.8,3.6,2,1,1.5384615384615383,1.6538461538461535,1.34,1.4,2.06,2.31,0.25,0.39061581025158376,0.27261296300809,0.3367712267403262,H
Premier-League,2425,2025-02-25,20:15,Tuesday,26,26,Chelsea,Southampton,H,1.17,8.0,15.0,4,0,1.6538461538461535,0.3461538461538461,1.34,1.43,2.22,0.49,1.72,0.9042444124056455,0.07261510216202771,0.023140485432326927,H
Premier-League,2425,2025-02-25,19:30,Tuesday,26,26,Wolves,Fulham,A,2.35,3.3,2.9,1,2,0.8461538461538461,1.5,1.54,1.32,1.3,1.98,0.68,0.4037177255743255,0.2674131731340238,0.32886910129165053,H
Premier-League,2425,2025-02-25,19:30,Tuesday,26,27,Crystal Palace,Aston Villa,H,2.2,3.5,3.1,4,1,1.2692307692307692,1.5555555555555556,1.33,1.35,1.69,2.11,0.41,0.5059770945092198,0.2659600480782381,0.22806285741254226,H
Premier-League,2425,2025-02-26,19:30,Wednesday,26,26,Man United,Ipswich,H,1.48,4.5,6.25,3,2,1.1538461538461535,0.6538461538461539,1.38,1.44,1.59,0.94,0.64,0.6735471304782028,0.22122687080963335,0.1052259987121638,H
Premier-League,2425,2025-02-26,19:30,Wednesday,26,26,Nott'm Forest,Arsenal,D,4.2,3.4,1.91,0,0,1.807692307692308,2.0384615384615383,1.42,1.31,2.57,2.68,0.1,0.2393793403192028,0.28106525078045086,0.4795554089003465,A
Premier-League,2425,2025-02-26,19:30,Wednesday,26,26,Tottenham,Man City,A,3.8,4.2,1.8,0,1,1.2692307692307692,1.6923076923076923,1.34,1.41,1.7,2.39,0.69,0.3836849260833528,0.22670951506363335,0.38960555885301373,A
Premier-League,2425,2025-02-26,19:30,Wednesday,26,26,Brentford,Everton,D,1.95,3.6,3.5,1,1,1.4230769230769231,1.1923076923076923,1.36,1.34,1.94,1.6,0.34,0.5033964089295311,0.2757206084127806,0.2208829826576883,H
Premier-League,2425,2025-02-26,20:15,Wednesday,27,26,Liverpool,Newcastle,H,1.36,5.25,7.5,2,0,2.3703703703703702,1.6923076923076923,1.32,1.33,3.13,2.26,0.87,0.7357171028515186,0.15577690899948565,0.10850598814899579,H
Premier-League,2425,2025-02-27,20:00,Thursday,26,26,West Ham,Leicester,H,1.75,3.7,4.5,2,0,1.1538461538461535,0.6538461538461539,1.45,1.41,1.67,0.92,0.75,0.6857231333242206,0.20109671159450346,0.11318015508127573,H
Premier-League,2425,2025-03-08,17:30,Saturday,27,28,Brentford,Aston Villa,A,2.15,3.8,3.1,0,1,1.4074074074074074,1.5,1.35,1.33,1.91,2.0,0.1,0.5557662418778777,0.2210311334504131,0.22320262467170937,H
Premier-League,2425,2025-03-08,12:30,Saturday,27,27,Nott'm Forest,Man City,H,3.8,3.8,1.91,1,0,1.7777777777777777,1.7407407407407407,1.44,1.4,2.55,2.44,0.12,0.3373122359761106,0.25444127196258703,0.40824649206130253,A
Premier-League,2425,2025-03-08,15:00,Saturday,27,27,Brighton,Fulham,H,1.95,3.6,3.75,2,1,1.5925925925925926,1.5555555555555556,1.36,1.29,2.16,2.01,0.15,0.47795310256956314,0.2629425478144041,0.25910434961603285,H
Premier-League,2425,2025-03-08,20:00,Saturday,27,27,Wolves,Everton,D,2.8,3.0,2.8,1,1,0.8148148148148148,1.1851851851851851,1.53,1.36,1.25,1.61,0.36,0.39802399131415733,0.2986459648031589,0.3033300438826839,H
Premier-League,2425,2025-03-08,15:00,Saturday,27,27,Crystal Palace,Ipswich,H,1.53,4.1,6.25,1,0,1.3333333333333333,0.6296296296296297,1.33,1.44,1.78,0.91,0.87,0.7502323872634674,0.17403036342485892,0.07573724931167358,H
Premier-League,2425,2025-03-08,15:00,Saturday,28,27,Liverpool,Southampton,H,1.1,10.0,21.0,3,1,2.392857142857143,0.3333333333333333,1.33,1.44,3.17,0.48,2.69,0.9640153632163967,0.029982233167298023,0.006002403616305339,H
Premier-League,2425,2025-03-09,14:00,Sunday,27,27,Chelsea,Leicester,H,1.22,7.0,10.0,1,0,1.7037037037037035,0.6296296296296297,1.32,1.4,2.25,0.88,1.37,0.8839127284381634,0.08405963816158583,0.03202763340025074,H
Premier-League,2425,2025-03-09,16:30,Sunday,27,27,Man United,Arsenal,D,5.0,3.6,1.75,1,1,1.2222222222222223,2.0,1.35,1.34,1.65,2.68,1.03,0.16948097729474831,0.2711996420696334,0.5593193806356184,A
Premier-League,2425,2025-03-09,14:00,Sunday,27,27,Tottenham,Bournemouth,D,2.8,3.75,2.35,2,2,1.2222222222222223,1.5925925925925926,1.34,1.4,1.63,2.24,0.6,0.48640891812469506,0.23870315596707445,0.2748879259082305,H
Premier-League,2425,2025-03-10,20:00,Monday,27,27,West Ham,Newcastle,A,3.3,3.4,2.2,0,1,1.2222222222222223,1.6296296296296295,1.41,1.37,1.73,2.23,0.5,0.3044791321170285,0.24339271921900918,0.45212814866396234,A
Premier-League,2425,2025-03-15,15:00,Saturday,28,28,Man City,Brighton,D,1.8,4.1,3.9,2,2,1.6785714285714286,1.6428571428571428,1.42,1.36,2.39,2.23,0.15,0.6959083276451346,0.17917443939867106,0.12491723295619452,H
Premier-League,2425,2025-03-15,15:00,Saturday,28,28,Ipswich,Nott'm Forest,A,3.9,3.5,1.95,2,4,0.6071428571428571,1.8214285714285716,1.42,1.44,0.86,2.62,1.75,0.1770117697751739,0.2519358607048192,0.5710523695200069,A
Premier-League,2425,2025-03-15,15:00,Saturday,28,28,Everton,West Ham,D,2.05,3.2,3.9,1,1,1.1785714285714286,1.1785714285714286,1.34,1.42,1.58,1.67,0.1,0.5286951327256014,0.2842426587730059,0.18706220850139266,H
Premier-League,2425,2025-03-15,17:30,Saturday,28,28,Bournemouth,Brentford,A,1.73,4.2,4.1,1,2,1.5714285714285714,1.3571428571428572,1.4,1.35,2.2,1.83,0.37,0.5853905063422532,0.2228020104914566,0.1918074831662901,H
Premier-League,2425,2025-03-15,15:00,Saturday,28,28,Southampton,Wolves,A,3.9,3.25,2.0,1,2,0.3214285714285714,0.8214285714285714,1.48,1.51,0.48,1.24,0.77,0.18938032712872316,0.2519087503731089,0.5587109224981679,A
Premier-League,2425,2025-03-16,13:30,Sunday,28,28,Fulham,Tottenham,H,1.8,3.9,4.1,2,0,1.5,1.2142857142857142,1.33,1.34,1.99,1.63,0.36,0.4355855806423365,0.247294735226297,0.3171196841313667,H
Premier-League,2425,2025-03-16,13:30,Sunday,28,28,Arsenal,Chelsea,H,1.7,3.6,5.25,1,0,1.9642857142857144,1.75,1.34,1.29,2.63,2.26,0.37,0.674391090614266,0.2071070969366532,0.11850181244908078,H
Premier-League,2425,2025-03-16,19:00,Sunday,28,28,Leicester,Man United,A,4.5,3.7,1.8,0,3,0.6071428571428571,1.2142857142857142,1.42,1.37,0.86,1.66,0.8,0.19657882322481274,0.2789561745873941,0.5244650021877932,A
Premier-League,2425,2025-04-01,20:00,Tuesday,29,29,Nott'm Forest,Man United,H,2.3,3.3,3.2,1,0,1.862068965517241,1.2758620689655171,1.4,1.34,2.61,1.71,0.9,0.5778030304631974,0.23215803882537753,0.19003893071142497,H
Premier-League,2425,2025-04-01,19:45,Tuesday,29,29,Wolves,West Ham,H,2.3,3.2,3.25,1,0,0.896551724137931,1.1724137931034482,1.48,1.42,1.32,1.67,0.34,0.5190790708467179,0.24122086447336294,0.23970006467991917,H
Premier-League,2425,2025-04-01,19:45,Tuesday,29,29,Arsenal,Fulham,H,1.5,4.1,7.0,2,1,2.0,1.5517241379310345,1.34,1.32,2.69,2.05,0.64,0.6875174053346303,0.2183969562643591,0.09408563840101059,H
Premier-League,2425,2025-04-02,19:45,Wednesday,28,29,Newcastle,Brentford,H,1.65,4.2,4.75,2,1,1.6785714285714286,1.4137931034482758,1.36,1.35,2.28,1.91,0.37,0.5878213915729164,0.20978883277245558,0.20238977565462793,H
Premier-League,2425,2025-04-02,19:45,Wednesday,29,28,Southampton,Crystal Palace,D,5.5,4.0,1.6,1,1,0.3103448275862069,1.3928571428571428,1.47,1.31,0.46,1.82,1.36,0.11976794775824627,0.23998550009704794,0.6402465521447058,A
Premier-League,2425,2025-04-02,19:45,Wednesday,29,29,Man City,Leicester,H,1.2,7.5,12.0,2,0,1.6551724137931034,0.5862068965517241,1.43,1.41,2.36,0.83,1.54,0.9205527236812869,0.06179420492706584,0.017653071391647172,H
Premier-League,2425,2025-04-02,20:00,Wednesday,29,29,Liverpool,Everton,H,1.48,4.33,6.5,1,0,2.413793103448276,1.1724137931034482,1.3,1.33,3.13,1.56,1.57,0.7257001692387308,0.18925400543455476,0.08504582532671431,H
Premier-League,2425,2025-04-02,19:45,Wednesday,29,29,Brighton,Aston Villa,A,2.3,3.4,3.0,0,3,1.6206896551724137,1.5517241379310345,1.38,1.36,2.24,2.1,0.14,0.5417542288739359,0.23276885196029914,0.22547691916576496,H
Premier-League,2425,2025-04-02,19:45,Wednesday,29,29,Bournemouth,Ipswich,A,1.4,5.0,7.5,1,2,1.5172413793103448,0.5862068965517241,1.4,1.44,2.12,0.84,1.28,0.7900812002968423,0.1444525099925363,0.0654662897106214,H
Premier-League,2425,2025-04-03,20:00,Thursday,29,29,Chelsea,Tottenham,H,1.67,4.33,4.33,1,0,1.6896551724137931,1.1724137931034482,1.32,1.35,2.23,1.58,0.65,0.5583997391998605,0.20937394072775423,0.23222632007238542,H
Premier-League,2425,2025-04-05,15:00,Saturday,30,30,West Ham,Bournemouth,D,2.9,3.5,2.38,2,2,1.1333333333333333,1.4666666666666666,1.41,1.37,1.6,2.02,0.42,0.3086664217660966,0.27396188452178627,0.4173716937121173,A
Premier-League,2425,2025-04-05,15:00,Saturday,30,30,Ipswich,Wolves,A,2.75,3.2,2.63,1,2,0.6666666666666666,0.9666666666666668,1.43,1.47,0.96,1.42,0.46,0.3281725207067586,0.2627591885368823,0.409068290756359,A
Premier-League,2425,2025-04-05,17:30,Saturday,30,30,Aston Villa,Nott'm Forest,H,2.1,3.3,3.4,2,1,1.6,1.9,1.37,1.4,2.19,2.66,0.47,0.4155365553391598,0.2573603277117838,0.32710311694905636,H
Premier-League,2425,2025-04-05,15:00,Saturday,29,30,Crystal Palace,Brighton,H,2.5,3.5,2.7,2,1,1.3793103448275863,1.5666666666666669,1.27,1.39,1.75,2.17,0.42,0.5064039589373786,0.2592271419746317,0.23436889908798963,H
Premier-League,2425,2025-04-05,12:30,Saturday,30,30,Everton,Arsenal,D,3.9,3.2,2.1,1,1,1.1333333333333333,2.033333333333333,1.37,1.35,1.55,2.75,1.2,0.17970471652049805,0.33374432903737256,0.4865509544421295,A
Premier-League,2425,2025-04-06,14:00,Sunday,30,30,Tottenham,Southampton,H,1.36,5.5,7.0,3,1,1.1333333333333333,0.3333333333333333,1.38,1.48,1.56,0.49,1.07,0.8720264238622693,0.09311118467175157,0.03486239146597914,H
Premier-League,2425,2025-04-06,16:30,Sunday,30,30,Man United,Man City,D,3.4,3.6,2.05,0,0,1.2333333333333334,1.7,1.36,1.39,1.68,2.36,0.69,0.27661396914724024,0.2594908362403584,0.46389519461240136,A
Premier-League,2425,2025-04-06,14:00,Sunday,30,30,Brentford,Chelsea,D,2.9,3.5,2.35,0,0,1.3666666666666667,1.7333333333333334,1.38,1.31,1.88,2.27,0.39,0.40181014718154096,0.2472610422352179,0.3509288105832412,H
Premier-League,2425,2025-04-06,14:00,Sunday,30,30,Fulham,Liverpool,H,4.2,3.4,1.91,3,2,1.5,2.433333333333333,1.36,1.3,2.04,3.15,1.12,0.23471292795343174,0.2552789658422543,0.510008106204314,A
Premier-League,2425,2025-04-07,20:00,Monday,30,29,Leicester,Newcastle,A,6.5,4.5,1.45,0,3,0.5666666666666667,1.7241379310344829,1.43,1.35,0.81,2.33,1.52,0.1086973727137491,0.1971305052023032,0.6941721220839476,A
Premier-League,2425,2025-04-12,15:00,Saturday,31,31,Brighton,Leicester,D,1.29,6.0,9.0,2,2,1.5161290322580645,0.5483870967741935,1.38,1.44,2.09,0.79,1.3,0.8076933149724598,0.13876831584904337,0.05353836917849687,H
Premier-League,2425,2025-04-12,12:30,Saturday,31,30,Man City,Crystal Palace,H,1.62,4.2,5.0,5,2,1.6774193548387095,1.4333333333333331,1.38,1.27,2.32,1.82,0.51,0.6158132442385894,0.2273915542226076,0.15679520153880283,H
Premier-League,2425,2025-04-12,15:00,Saturday,31,31,Southampton,Aston Villa,A,6.25,4.33,1.5,0,3,0.3225806451612903,1.6451612903225807,1.47,1.37,0.47,2.26,1.79,0.1395726981735279,0.2207930723257745,0.6396342295006976,A
Premier-League,2425,2025-04-12,17:30,Saturday,31,31,Arsenal,Brentford,D,1.6,4.33,5.0,1,1,2.0,1.3548387096774193,1.35,1.38,2.7,1.87,0.83,0.7192289010448533,0.1892900946538719,0.091481004301275,H
Premier-League,2425,2025-04-12,15:00,Saturday,31,31,Nott'm Forest,Everton,A,1.91,3.3,4.1,0,1,1.8387096774193548,1.1290322580645162,1.41,1.38,2.59,1.56,1.04,0.5191071780527036,0.28465508907056347,0.19623773287673307,H
Premier-League,2425,2025-04-13,14:00,Sunday,31,31,Wolves,Tottenham,H,2.2,3.6,3.1,4,2,1.032258064516129,1.1935483870967742,1.43,1.34,1.47,1.6,0.13,0.3614165538689988,0.23706168221802165,0.40152176391297945,A
Premier-League,2425,2025-04-13,16:30,Sunday,30,31,Newcastle,Man United,H,1.6,4.33,5.25,4,1,1.7666666666666666,1.2258064516129032,1.33,1.36,2.34,1.66,0.68,0.5986997660997045,0.22618672205654755,0.17511351184374796,H
Premier-League,2425,2025-04-13,14:00,Sunday,31,31,Liverpool,West Ham,H,1.25,5.5,11.0,2,1,2.3548387096774195,1.1290322580645162,1.31,1.42,3.09,1.6,1.49,0.8377783935229525,0.11165960548625153,0.05056200099079583,H
Premier-League,2425,2025-04-13,14:00,Sunday,31,31,Chelsea,Ipswich,D,1.17,7.5,12.0,2,2,1.7096774193548387,0.6451612903225806,1.32,1.42,2.25,0.92,1.34,0.802115489583055,0.13572757858992246,0.06215693182702232,H
Premier-League,2425,2025-04-14,20:00,Monday,31,31,Bournemouth,Fulham,H,2.2,3.3,3.4,1,0,1.4516129032258065,1.5483870967741935,1.36,1.38,1.97,2.14,0.17,0.4851991423389397,0.25992646320526186,0.25487439445579846,H
Premier-League,2425,2025-04-16,19:30,Wednesday,31,31,Newcastle,Crystal Palace,H,1.65,3.9,5.0,5,0,1.8064516129032255,1.3870967741935485,1.32,1.29,2.38,1.79,0.59,0.5907370925438841,0.21941422412383182,0.1898486833322841,H
Premier-League,2425,2025-04-19,17:30,Saturday,32,32,Aston Villa,Newcastle,H,2.55,3.7,2.6,4,1,1.6875,1.84375,1.33,1.32,2.25,2.43,0.18,0.3889882418190616,0.24105123667120074,0.3699605215097376,H
Premier-League,2425,2025-04-19,15:00,Saturday,32,32,Everton,Man City,A,4.0,3.6,1.9,0,2,1.1875,1.71875,1.39,1.38,1.65,2.38,0.73,0.2797766365027754,0.30616380002283855,0.414059563474386,A
Premier-League,2425,2025-04-19,15:00,Saturday,32,32,West Ham,Southampton,D,1.62,4.2,5.0,1,1,1.09375,0.3125,1.46,1.47,1.59,0.46,1.13,0.7306596071264977,0.18727209193988145,0.0820683009336207,H
Premier-League,2425,2025-04-19,15:00,Saturday,32,32,Crystal Palace,Bournemouth,D,2.5,3.5,2.7,0,0,1.34375,1.5,1.31,1.36,1.76,2.04,0.27,0.4123355686819321,0.2702358981425988,0.3174285331754691,H
Premier-League,2425,2025-04-19,15:00,Saturday,32,32,Brentford,Brighton,H,2.6,3.5,2.55,4,2,1.34375,1.5,1.41,1.35,1.89,2.02,0.13,0.5433296979250157,0.2326938906948423,0.223976411380142,H
Premier-League,2425,2025-04-20,14:00,Sunday,32,32,Man United,Wolves,A,2.55,3.5,2.7,0,1,1.1875,1.09375,1.37,1.41,1.63,1.54,0.08,0.508459504781988,0.24808129910368348,0.24345919611432842,H
Premier-League,2425,2025-04-20,14:00,Sunday,32,32,Fulham,Chelsea,A,3.1,3.6,2.25,1,2,1.5,1.6875,1.38,1.3,2.06,2.2,0.13,0.4209340229721494,0.27113376217327734,0.30793221485457334,H
Premier-League,2425,2025-04-20,14:00,Sunday,32,32,Ipswich,Arsenal,A,9.5,5.0,1.36,0,4,0.65625,1.96875,1.44,1.35,0.94,2.66,1.72,0.09684093807589553,0.2092773791808686,0.6938816827432359,A
Premier-League,2425,2025-04-20,16:30,Sunday,32,32,Leicester,Liverpool,A,10.0,6.5,1.22,0,1,0.5625,2.375,1.44,1.31,0.81,3.11,2.3,0.053280673689529434,0.13447900165853077,0.8122403246519398,A
Premier-League,2425,2025-04-21,20:00,Monday,32,32,Tottenham,Nott'm Forest,A,2.3,3.5,3.0,1,2,1.15625,1.78125,1.33,1.4,1.54,2.49,0.95,0.47818893317725986,0.23616841476027728,0.2856426520624628,H
Premier-League,2425,2025-04-22,20:00,Tuesday,33,33,Man City,Aston Villa,H,1.85,3.9,3.75,2,1,1.7575757575757576,1.7272727272727273,1.38,1.35,2.43,2.33,0.1,0.6627392838241791,0.19060442731191285,0.14665628886390786,H
Premier-League,2425,2025-04-23,20:00,Wednesday,33,33,Arsenal,Crystal Palace,D,1.4,4.5,8.0,2,2,2.0,1.3333333333333333,1.32,1.32,2.65,1.76,0.89,0.7309490324136836,0.18987158177135202,0.07917938581496449,H
Premier-League,2425,2025-04-26,15:00,Saturday,33,33,Brighton,West Ham,H,1.75,4.0,4.2,3,2,1.4545454545454546,1.0909090909090908,1.36,1.42,1.98,1.55,0.43,0.5797735552139818,0.22660489021729327,0.1936215545687247,H
Premier-League,2425,2025-04-26,12:30,Saturday,33,33,Chelsea,Everton,H,1.42,4.75,7.0,1,0,1.7272727272727273,1.1515151515151516,1.31,1.39,2.26,1.6,0.66,0.5415129751875418,0.2814057205264781,0.17708130428597985,H
Premier-League,2425,2025-04-26,15:00,Saturday,33,33,Southampton,Fulham,A,5.0,4.0,1.65,1,2,0.3333333333333333,1.4545454545454546,1.45,1.38,0.48,2.01,1.52,0.1337398769531758,0.24041355395670996,0.6258465690901142,A
Premier-League,2425,2025-04-26,15:00,Saturday,33,33,Wolves,Leicester,H,1.53,4.2,6.0,3,0,1.1515151515151516,0.5454545454545454,1.4,1.46,1.61,0.8,0.82,0.754043831255461,0.16943063616776438,0.0765255325767744,H
Premier-League,2425,2025-04-26,15:00,Saturday,33,33,Newcastle,Ipswich,H,1.2,7.0,13.0,3,0,1.7878787878787878,0.6363636363636364,1.34,1.45,2.4,0.92,1.47,0.8512089723798295,0.09950891126983324,0.04928211635033724,H
Premier-League,2425,2025-04-27,16:30,Sunday,33,33,Liverpool,Tottenham,H,1.2,7.0,13.0,5,1,2.393939393939394,1.121212121212121,1.28,1.35,3.08,1.51,1.56,0.7549084342558496,0.14596083733670362,0.09913072840744669,H
Premier-League,2425,2025-04-27,14:00,Sunday,33,33,Bournemouth,Man United,D,1.91,3.8,3.7,1,1,1.4848484848484849,1.1515151515151516,1.36,1.37,2.02,1.58,0.44,0.5575452277863397,0.2591512519507027,0.18330352026295751,H
Premier-League,2425,2025-05-01,19:30,Thursday,33,33,Nott'm Forest,Brentford,A,2.3,3.5,3.0,0,2,1.818181818181818,1.393939393939394,1.39,1.4,2.53,1.95,0.58,0.5252227625204811,0.24264177448584592,0.23213546299367308,H
Premier-League,2425,2025-05-02,20:00,Friday,34,34,Man City,Wolves,H,1.33,5.25,9.0,1,0,1.7941176470588236,1.2058823529411764,1.38,1.37,2.48,1.66,0.82,0.7551507183623696,0.15025837219175472,0.09459090944587566,H
Premier-League,2425,2025-05-03,17:30,Saturday,34,34,Arsenal,Bournemouth,A,1.67,4.0,4.75,1,2,1.9705882352941175,1.4705882352941178,1.33,1.35,2.62,1.99,0.63,0.6614336352802817,0.22433974193022177,0.11422662278949647,H
Premier-League,2425,2025-05-03,12:30,Saturday,34,34,Aston Villa,Fulham,H,1.85,3.75,4.0,1,0,1.6764705882352942,1.5,1.37,1.35,2.3,2.02,0.27,0.5199878282111805,0.2455481130854942,0.2344640587033252,H
Premier-League,2425,2025-05-03,15:00,Saturday,34,34,Leicester,Southampton,H,2.35,3.6,2.88,2,0,0.5294117647058824,0.3235294117647059,1.46,1.45,0.77,0.47,0.3,0.41834907879590066,0.33729692855245025,0.24435399265164914,H
Premier-League,2425,2025-05-03,15:00,Saturday,34,34,Everton,Ipswich,D,1.55,4.33,5.75,2,2,1.1176470588235294,0.6176470588235294,1.41,1.47,1.58,0.91,0.67,0.6236863046410759,0.2560879881671464,0.1202257071917778,H
Premier-League,2425,2025-05-04,14:00,Sunday,34,34,Brighton,Newcastle,D,3.1,3.7,2.15,1,1,1.5,1.8235294117647056,1.35,1.33,2.02,2.43,0.4,0.3482692365991983,0.22651823880228003,0.42521252459852177,A
Premier-League,2425,2025-05-04,14:00,Sunday,34,34,West Ham,Tottenham,D,1.83,3.9,4.0,1,1,1.0588235294117647,1.088235294117647,1.43,1.38,1.52,1.5,0.01,0.3672763148021776,0.2414168298419012,0.3913068553559211,A
Premier-League,2425,2025-05-04,16:30,Sunday,34,34,Chelsea,Liverpool,H,2.3,3.6,2.8,3,1,1.7647058823529411,2.411764705882353,1.31,1.27,2.3,3.07,0.77,0.32069177756178,0.2573370161594148,0.4219712062788051,A
Premier-League,2425,2025-05-04,14:00,Sunday,34,34,Brentford,Man United,H,1.62,4.33,4.75,4,3,1.4411764705882353,1.1470588235294117,1.42,1.37,2.04,1.58,0.47,0.5717241369561737,0.24246650380897874,0.1858093592348477,H
Premier-League,2425,2025-05-05,20:00,Monday,34,34,Crystal Palace,Nott'm Forest,D,2.15,3.4,3.4,1,1,1.3235294117647058,1.7647058823529411,1.34,1.39,1.78,2.44,0.67,0.420986847789233,0.2755254363370732,0.303487715873694,H
Premier-League,2425,2025-05-10,15:00,Saturday,35,35,Fulham,Everton,A,1.75,3.6,5.0,1,3,1.457142857142857,1.1142857142857143,1.36,1.39,1.99,1.55,0.44,0.4696200945962658,0.31653625342322067,0.21384365198051358,H
Premier-League,2425,2025-05-10,15:00,Saturday,35,35,Wolves,Brighton,A,2.9,3.4,2.35,0,2,1.1714285714285717,1.4857142857142858,1.39,1.36,1.63,2.01,0.38,0.49403114651360674,0.23438059015636523,0.27158826333002817,H
Premier-League,2425,2025-05-10,17:30,Saturday,35,35,Bournemouth,Aston Villa,A,2.55,3.5,2.63,0,1,1.5142857142857142,1.7142857142857142,1.37,1.37,2.07,2.34,0.27,0.484425311761024,0.25981064162341694,0.25576404661555907,H
Premier-League,2425,2025-05-10,15:00,Saturday,35,35,Ipswich,Brentford,A,5.75,4.5,1.5,0,1,0.6285714285714286,1.4857142857142858,1.45,1.4,0.91,2.08,1.17,0.21438986352828243,0.22612692969623507,0.5594832067754828,A
Premier-League,2425,2025-05-10,15:00,Saturday,35,35,Southampton,Man City,D,13.0,7.0,1.2,0,0,0.3142857142857143,1.8285714285714283,1.42,1.37,0.45,2.5,2.06,0.055044227012546576,0.14129754198047936,0.8036582310069741,A
Premier-League,2425,2025-05-11,16:30,Sunday,35,35,Liverpool,Arsenal,D,2.2,3.6,3.1,2,2,2.342857142857143,1.9142857142857144,1.3,1.34,3.05,2.56,0.49,0.45141274797521447,0.2725016677254697,0.2760855842993159,H
Premier-League,2425,2025-05-11,14:15,Sunday,35,35,Man United,West Ham,A,2.0,3.7,3.5,0,2,1.1142857142857143,1.0571428571428572,1.38,1.42,1.54,1.5,0.04,0.5377022219338183,0.25408021447152307,0.20821756359465857,H
Premier-League,2425,2025-05-11,14:15,Sunday,35,35,Tottenham,Crystal Palace,A,3.1,3.6,2.2,0,2,1.0857142857142856,1.3142857142857145,1.37,1.36,1.49,1.78,0.29,0.5221223764998952,0.22858390140386248,0.24929372209624234,H
Premier-League,2425,2025-05-11,14:15,Sunday,35,35,Nott'm Forest,Leicester,D,1.4,5.0,7.0,2,2,1.7428571428571429,0.6,1.38,1.42,2.41,0.85,1.56,0.7978998378282556,0.1491900673362795,0.052910094835464924,H
Premier-League,2425,2025-05-11,12:00,Sunday,35,35,Newcastle,Chelsea,H,2.2,3.75,3.0,2,0,1.8,1.8,1.34,1.33,2.41,2.4,0.01,0.5059338476040023,0.23229001280740372,0.2617761395885941,H
Premier-League,2425,2025-05-16,20:15,Friday,36,36,Chelsea,Man United,H,1.55,4.5,5.25,1,0,1.75,1.0833333333333333,1.35,1.37,2.37,1.48,0.88,0.6464557500680569,0.21330470216842629,0.14023954776351685,H
Premier-League,2425,2025-05-16,19:30,Friday,36,36,Aston Villa,Tottenham,H,1.25,6.5,9.5,2,0,1.75,1.0555555555555556,1.37,1.37,2.4,1.45,0.95,0.5955954468994147,0.20672129305555023,0.1976832600450355,H
Premier-League,2425,2025-05-18,16:30,Sunday,36,36,Arsenal,Newcastle,H,1.91,3.7,3.8,1,0,1.8888888888888888,1.8333333333333333,1.37,1.34,2.59,2.45,0.14,0.6057736791496697,0.2238689572684093,0.1703573635819208,H
Premier-League,2425,2025-05-18,15:00,Sunday,36,36,Brentford,Fulham,A,2.0,3.8,3.4,2,3,1.5277777777777777,1.4166666666666667,1.37,1.36,2.1,1.93,0.17,0.5487357365615491,0.23518557055407874,0.2160786928843722,H
Premier-League,2425,2025-05-18,14:15,Sunday,36,36,West Ham,Nott'm Forest,A,2.9,3.4,2.4,1,2,1.1111111111111112,1.7222222222222223,1.41,1.36,1.56,2.34,0.78,0.3477156222677754,0.2759808644535012,0.37630351327872336,A
Premier-League,2425,2025-05-18,12:00,Sunday,36,36,Everton,Southampton,H,1.4,4.75,7.0,2,0,1.1666666666666667,0.3333333333333333,1.39,1.43,1.63,0.48,1.15,0.7313092400248655,0.2059151636902745,0.06277559628486006,H
Premier-League,2425,2025-05-18,15:00,Sunday,36,36,Leicester,Ipswich,H,2.2,3.7,3.0,2,0,0.6111111111111112,0.6111111111111112,1.43,1.44,0.87,0.88,0.01,0.3753791574683881,0.3032046410373804,0.3214162014942317,H
Premier-League,2425,2025-05-19,20:00,Monday,36,36,Brighton,Liverpool,H,2.15,3.8,3.0,3,2,1.5277777777777777,2.305555555555556,1.35,1.32,2.07,3.03,0.96,0.24930421145569992,0.2216307205671534,0.5290650679771467,A
Premier-League,2425,2025-05-20,20:00,Tuesday,36,36,Crystal Palace,Wolves,H,2.35,3.3,3.1,4,2,1.3611111111111112,1.1388888888888888,1.35,1.39,1.84,1.59,0.25,0.5499914440276107,0.24205691839087098,0.2079516375815183,H
Premier-League,2425,2025-05-20,20:00,Tuesday,36,36,Man City,Bournemouth,H,1.33,5.5,8.0,3,1,1.805555555555556,1.4722222222222223,1.35,1.37,2.43,2.02,0.41,0.6112666350577992,0.23127999091297538,0.15745337402922555,H
Premier-League,2425,2025-05-25,16:00,Sunday,37,37,Man United,Aston Villa,H,4.5,4.33,1.67,2,0,1.054054054054054,1.7837837837837838,1.39,1.36,1.47,2.43,0.96,0.32509776684557484,0.28286426764807904,0.39203796550634606,A
Premier-League,2425,2025-05-25,16:00,Sunday,37,37,Tottenham,Brighton,A,3.7,4.0,1.85,1,4,1.027027027027027,1.5675675675675675,1.39,1.37,1.43,2.15,0.72,0.495336211362124,0.22045343910382934,0.2842103495340466,H
Premier-League,2425,2025-05-25,16:00,Sunday,37,37,Newcastle,Everton,A,1.29,6.0,9.5,0,1,1.7837837837837838,1.2162162162162162,1.36,1.36,2.42,1.66,0.76,0.5864803840952896,0.24995863933499363,0.1635609765697168,H
Premier-League,2425,2025-05-25,16:00,Sunday,37,37,Liverpool,Crystal Palace,D,1.36,6.0,6.0,1,1,2.2432432432432434,1.4054054054054057,1.33,1.34,2.97,1.89,1.08,0.7082213631747682,0.1716952740917253,0.12008336273350644,H
Premier-League,2425,2025-05-25,16:00,Sunday,37,37,Wolves,Brentford,D,2.9,3.7,2.25,1,1,1.108108108108108,1.4864864864864864,1.39,1.38,1.54,2.05,0.51,0.3894556738191552,0.2412036898773388,0.369340636303506,H
Premier-League,2425,2025-05-25,16:00,Sunday,37,37,Fulham,Man City,A,5.75,4.5,1.5,0,2,1.4594594594594594,1.837837837837838,1.37,1.35,2.0,2.48,0.48,0.2926275633430656,0.2642428825372971,0.4431295541196373,A
Premier-League,2425,2025-05-25,16:00,Sunday,37,37,Bournemouth,Leicester,H,1.33,5.5,8.0,2,0,1.4324324324324325,0.6756756756756757,1.39,1.41,2.0,0.95,1.04,0.759479021528563,0.1707324864479994,0.06978849202343762,H
Premier-League,2425,2025-05-25,16:00,Sunday,37,37,Nott'm Forest,Chelsea,A,3.4,3.75,2.0,0,1,1.7567567567567568,1.7837837837837838,1.35,1.34,2.38,2.4,0.02,0.4087609827890598,0.2723121733185503,0.31892684389238996,H
Premier-League,2425,2025-05-25,16:00,Sunday,37,37,Ipswich,West Ham,A,3.2,3.5,2.2,1,3,0.5945945945945946,1.0810810810810811,1.43,1.42,0.85,1.53,0.69,0.3081528843275744,0.2806255490748858,0.41122156659753994,A
Premier-League,2425,2025-05-25,16:00,Sunday,37,37,Southampton,Arsenal,A,12.0,6.0,1.25,1,2,0.3243243243243243,1.9189189189189189,1.42,1.37,0.46,2.64,2.18,0.04676246873591738,0.16168515875812908,0.7915523725059534,A
